PC1,PC2,Outcome
-0.32573276788338795,-1.618562570208271,Yes
0.6239153738280131,2.5807971601115045,No
-2.4060613479024973,-1.1069342864799516,Yes
-0.8527872816884754,-0.26432000911489334,No
-1.8805921823741258,-1.0989278808080805,No
-0.5927517372544777,0.9253167244489755,No
-1.307291133481245,-0.032040293799331244,No
-2.9629071312417286,2.2195394270222137,No
1.116031772414686,2.6525973023907676,No
1.1933884904687586,-0.18444851207287197,No
-1.514402741778867,0.16626446190584088,No
-0.2251306027295928,0.7523851036946848,No
-1.5570665713882903,1.0678964965637585,No
-2.1268340827988177,-0.08466441167510039,No
-1.913560502017801,-0.05492182658588545,Yes
1.9482241709686032,0.4558432867629114,No
-1.4766205010086675,0.16020657654886847,No
-3.101200084055739,-0.05816408226340073,No
4.782083061597028,-0.6245471733732816,No
-1.5107503231150337,-1.1103486475554072,No
-1.707821893431545,0.8424731658259297,No
-1.1451767909496495,1.210527194035209,Yes
1.926093623109976,0.10097758291012233,No
-3.3979011334635167,0.16774094828901476,No
-1.642838103271975,-0.4085799503112731,Yes
5.119539707214095,-1.529120760719706,No
-0.41689440646781656,3.5563238719546497,Yes
0.5635416520949382,-0.498449112954074,No
4.186428247108899,0.7844673351500008,No
2.125361622705765,-3.2647328175605166,No
-2.252339983895541,-1.330449780868087,No
-0.44043766566058434,-1.1396705036991601,No
-1.0704317005594457,0.8156033700332057,No
-1.251765848445405,-1.2277940975966526,Yes
-2.5280174391631123,0.2444559797262777,Yes
-1.1840884998073549,-0.5154887722876448,No
-1.6768380222494605,-0.36913284203787633,Yes
-2.0778560665495025,-0.028722676394738883,No
-1.9145661234506937,-2.008401473275303,No
-0.7543035037067253,0.3168422612775455,No
-2.7630656174306036,-0.4887878640905727,No
-2.793489179059102,-0.6012321473811854,No
-2.8470735884985108,-0.06421099395138945,Yes
0.7405632982216415,0.5643995696105428,No
0.49764804106340305,3.302941599078444,No
6.320620645059076,0.5423865289718623,Yes
0.6876671331310575,2.8630993142114507,No
-2.2422478512134583,1.2421847995579414,No
0.8309042318578961,1.3537128954958892,No
-2.7366925427155624,0.4184967899875168,No
-0.11048046958500901,-3.1530954815231786,Yes
-2.063262417305676,-0.13907815855148406,Yes
-0.3482816831257846,0.4428955647292606,No
-0.2847790339040429,-0.9575955899575904,No
-1.881488968584064,-0.5813239320925895,No
3.5377740335095655,1.3327111637243114,No
1.2051954955512152,2.1512480309349926,No
-1.5926877420191263,-0.3801156859981016,No
0.1757563642481997,2.2232489332286858,No
-0.07304164366153594,0.6593085539490224,No
0.9157125100478739,3.5165906724994285,No
0.9533992387412005,0.4227923713305657,No
5.853135626677012,-1.0482253051643522,No
4.927907656749758,-0.5472311545367414,No
3.7188537020263626,1.5056655454209031,No
1.5487580587006282,-2.435007369942836,No
-0.641307622774474,-0.36363566359645355,No
0.2067701911904285,-1.906464194217285,No
-1.7979038310151916,-0.8302867406777885,No
-2.529495782533445,-0.02014593631359338,Yes
0.4632938424336937,-2.4351156605366766,No
-1.60485624725533,2.6567781154322874,No
-2.5594825879751437,-0.08505658291959045,No
0.14966383001901865,0.9031547489096942,No
-2.3382458873820884,-1.0798732502405612,No
0.42117609645209375,2.780419361395579,No
1.726741568352432,1.2180879189825486,No
0.12894187157554038,-2.499534957760294,No
0.541631772373363,-1.6996800317180687,No
-0.3768215665824651,0.09778330526772361,No
-0.3005545183130755,0.34211658179675125,No
-1.33610014851606,0.8123616574669327,No
0.5211885864378336,-2.3519552650006643,No
1.731573580787856,-0.19847425069597438,No
-1.2647095246586009,-0.11134655785358048,No
1.8226735767538627,-2.422680555889353,No
-3.071894111122482,-0.334588060244681,No
-1.007781951828714,1.249742275332942,No
1.403142183888013,2.394158224207298,No
1.5462813241524673,0.49463018576918094,Yes
4.211470603844908,2.3739937384611056,No
0.24582732344726843,1.633446639871231,No
0.44001557638883104,0.774521791479936,No
2.7871134139488123,-0.05624641313539958,No
0.9145827405007746,0.9424808892403232,No
1.1902587431759162,-3.1200184450426103,No
-1.9316881015258842,2.377157182222102,No
-1.1732837183896097,0.5480096005943246,No
6.0526412579111355,-0.4756070529571369,No
-0.526767856898883,-1.4430520064700956,No
-1.68341448983577,1.0593938504391738,Yes
-2.8237123472485117,-0.5089822662886252,No
-3.038109903349924,0.6495502427382572,Yes
1.9778026430049778,1.389835927441741,No
-1.175993445958369,-1.7748685008748393,No
3.1836499232769455,-2.097159890333592,No
3.1807621671737194,-1.531050256708513,No
-1.0579961410318601,-0.33046811539517496,Yes
-2.44369995631324,0.029548609071960903,No
-3.1023715950985182,0.11979212416929222,No
3.9044293376200727,2.0600793275766462,No
0.050207249459787814,2.787459379536628,Yes
2.606499821226292,-1.930315273584115,No
-2.0289669655366995,0.626342998857612,No
-1.4075322901375218,-1.6807040333500562,No
-0.06465232321727532,-0.9671372359439557,No
2.204179596734221,0.3036841082064151,No
1.0671829328240696,0.5176204116612422,No
-2.336881282540453,1.3864567344752066,No
5.144721305044955,0.5548610095802748,No
-0.28571389726771207,3.642484279186492,No
-0.11113390953382037,0.7408528643032122,No
0.011537363540684476,-1.02076413120219,Yes
7.466576541929016,0.5251893317794432,No
0.8464778633482072,0.8724898658936456,Yes
-1.4747190990334929,1.2047396861698894,No
6.823369416858771,0.5884698779741878,Yes
-3.463090141350064,0.7943396124782329,Yes
-2.679449825517611,0.5015866098841506,No
2.68063174740814,0.8091729050129286,No
-0.6715989292981555,-1.4916371106966948,No
0.3953257039553347,-2.285951123014294,No
-1.4007383208769448,-0.7179992930330997,Yes
0.9573074737277817,-0.3892811762790303,No
-0.4835303174111602,3.9096735435070054,No
-1.304370130254892,0.6330005794353661,No
0.8203584197136763,-1.7067177076529134,Yes
2.3148386641680965,0.4756361437468352,No
-1.2060948776151275,0.20514173753794823,No
0.847365730973793,1.5825379635741013,No
-1.051802711319315,1.5794474135067977,Yes
-0.7600364797958467,-0.7603730341499935,No
-0.2885106455714939,0.8406754391039732,No
-1.615288276276834,0.41456415517084194,No
-0.061103231516302724,1.2452645431124618,No
-1.585823973050052,-0.7420267755170478,No
-1.8801864629821314,0.5215466295181231,No
3.0667289944797433,-1.1635076395719879,No
-1.3654128762987072,1.313137115218201,No
-3.3687113282355274,0.14727132949172905,No
2.345653776251559,0.9460145589224087,No
0.9089326793420796,-0.14276900461987102,No
0.6271896553138315,1.7642451554624738,No
2.334021700371047,0.5165729895415397,No
1.0768119104610039,0.43516531621012255,No
0.04824349315774763,0.9209202161617661,No
-0.969656244473738,-1.3483438050376433,No
-1.4631438888295578,0.18246285064765005,No
2.6771900851402837,-0.5508755049561703,No
-1.5196053354188181,-0.4864803932930293,No
-2.6267709236886096,3.4024992942757204,No
-1.9556484483423842,-0.26546258793877775,No
-2.007443783337064,-0.04189277193817714,No
0.7531222010860112,-1.1972129547831103,No
-2.6973106164715754,-0.23635261727581616,No
2.9846999603090967,-1.894463872166966,No
0.2926467180756104,0.35428152947841285,No
1.4749750538222461,0.2639198043242095,No
0.3296751881992978,1.4768503471828884,No
-1.0937507549126,1.8494578102261068,No
-1.9691329824544477,0.4064276926473328,No
-3.447582364031917,2.6238870813762083,Yes
-0.11838863731315477,-0.008351287507787129,No
1.2318883054260548,1.2250640210486599,No
-0.4668776411611833,-1.0094315520020132,No
-0.2535201496794928,-1.1612511307150353,No
-2.199406447411971,0.1514861538345783,No
-3.2176501946064198,2.4971057238236587,Yes
4.8331771875528275,3.9491284325624667,No
-2.098650462706558,-0.23950189930715793,No
-1.822582542435734,1.4040971026734879,No
-1.7447765378511166,-0.042403288326680416,No
-1.7381853257407527,1.9654960633125969,Yes
-1.3800800369644488,-0.7468097679724551,No
-0.6525277499237441,-1.2424520855248158,No
-0.5706949029241356,0.6656855232220927,No
4.714437043969114,0.4929094363436978,No
7.125608969513067,-1.6183508188826987,No
0.8545623825598413,1.2815563316680791,No
1.9068040859689093,-1.385952662809144,No
7.9302953503003195,1.1232631929229873,No
-1.3097057776154244,0.6261874291630394,No
-1.6117684375400136,-0.8077881895309221,Yes
-1.0012302282215566,-0.56811446359637,No
4.699600086608899,1.3423130606660678,No
-0.3020323688587013,0.5383330004613714,No
-0.7980811961394916,-1.2882707485865466,No
-0.7004271010999226,-0.16597912054000627,No
-1.030975126481372,-2.5730996819573266,No
0.24041087938811342,0.8273514990112466,No
-1.7622653811889748,-0.033172550707066185,No
0.6362877834709294,-0.06069454673081273,No
-1.5465036050003562,0.19809246006155695,No
0.15976693057142147,-0.8143158145234727,No
-1.1074327987029784,-1.1751672354225384,Yes
0.6455463029558508,2.665249233521723,Yes
-2.1876298612336074,0.6117610521976572,No
-1.1935847006412315,0.775718881490885,No
-0.98632349373644,-2.0999480600402856,No
0.601867617478527,-2.301621101203273,No
2.4879968430880743,0.44887319914536794,Yes
1.324042285947762,3.0831698479044976,No
0.04527327949253846,0.317106610473278,No
2.654918676186281,-0.8477358035095802,No
-1.5533008306824032,-0.90581021118403,Yes
-0.11552607989999997,-1.6872863171980061,No
-0.8672094709257323,-0.8271873338232939,Yes
-1.5214859065346706,0.21185656926748225,Yes
3.7596222382492552,-0.38728779673943936,No
0.34761954042702575,-1.3298414857262095,No
1.5637452632914808,0.031819347518968505,No
-1.7212199772725167,0.9922645199435337,No
1.3683064704342665,0.12706060479815431,No
3.1229971642558247,1.1484133445371112,No
-0.8549325024362289,-0.11184723346013412,No
-1.6670299695170514,-0.8607626181941002,No
0.6444159483242518,1.0186021791513247,No
0.6770427428185206,0.7324781713198272,No
0.9313098083810157,0.3111123325397395,No
-2.310892381134301,0.3244915128447948,Yes
-1.1650390236636805,-1.3456039023140403,No
6.62223695347941,1.2264550814282875,No
-0.9557798253599536,-1.630226367118296,No
3.2059154436825517,-3.294595500293585,No
-1.2874474224082912,-0.5660897799513961,Yes
3.9888855729689925,1.700371683066725,No
-0.14656046596519479,2.0681173758084515,Yes
7.501684340934448,0.688352236565262,No
-1.6926027445358829,-0.26961500165577024,No
-1.9371638346537419,0.007329502581004484,Yes
-1.4168313947922198,-1.5530174522267945,No
-1.4110935714944521,0.4879708597267308,No
-1.2883562804359276,-0.8886901778524204,No
0.5069088805705275,1.4343856518588984,No
3.82521180150233,-1.5674558382451993,No
0.04885489166626645,-2.3595842926291013,No
-2.1187922170341977,-0.3354892902305733,No
1.5222242550603384,-0.043020972678121244,No
-1.3204475601366155,-0.6803574421400794,No
-0.6362498858130734,-1.3095055841448324,No
-0.35425831556716,-2.4705746049267536,Yes
3.3097685437550064,3.134237373898638,No
-1.2838342595280374,1.3339297567119286,No
-0.8107456570666636,-1.4175250385109153,No
-1.1897232306514423,-0.4545167646279415,No
-1.534582703882394,-0.11332540410725564,No
0.5070500307500831,0.8240404314310407,No
4.236478273855285,0.585608312804142,No
-2.170721655560251,-1.5378846770835657,No
-1.4047593663176896,0.5706575395166631,Yes
-1.9665895275328662,1.5536009925897416,No
0.8338940808738547,0.6335750109341386,No
-1.2147155475467408,-0.46876063504002996,No
3.632739786768144,-1.2276596881099904,No
-2.6079547528200147,-1.0458800805985877,Yes
-1.7518525457717813,-0.3054018062383165,No
0.13003683585873516,2.927555255328209,No
-1.0874533577192709,-0.03145519077910217,No
3.6311519411999327,0.4822818324328139,No
2.2508815332316203,1.9057580481674046,No
7.256709400916425,-0.05465753035854717,No
2.6046843173187915,0.010852113061545574,Yes
-1.9448442876617211,2.487372849432533,No
-0.7798063823594608,-0.9876905291326514,No
-2.6482540230174476,0.8184419609546998,No
0.39822960880373537,-0.8611864269845109,No
1.0910235705574012,-0.4850642085488644,No
0.05656055289256615,2.716794133055825,No
-0.8737975942180278,2.162787797768226,No
3.352932294849509,-1.6789020092978908,No
2.216238488531597,-2.2540182949272154,No
3.1310966766675197,4.321139515233562,No
0.05675886720542429,1.6156035410196357,No
1.0430496340470923,0.4874368027895333,No
-1.1412157309834172,0.2511595542060855,No
1.4365348329928127,1.2824479784268776,No
-1.3487431316203007,0.5418217247697982,Yes
-0.7294153235377591,-1.9273887574470865,No
-2.0858151946262335,-0.35269547503148896,Yes
-1.9913080046954195,2.3184792948546575,No
2.407733887908418,-4.125227747978318,No
0.20841247861340567,-0.5947368057789313,No
-2.0972722861158775,-0.20999876105384344,No
0.24672043427949877,0.6065444169646076,Yes
-1.7645705196001717,-0.23491975912477028,No
3.45571317400321,-0.908521296572843,No
-3.347755339884901,-0.12836164853293452,Yes
1.8826609267003387,1.1032563032609186,No
-2.218871059805148,-0.7752714911998191,No
-0.3172416044916547,-1.4163889869939534,No
3.4153838412988073,-0.021829123417147295,No
-3.4083551403324477,0.06752973839200119,No
-0.5946589285551295,1.0973834325799254,No
0.8057600660979596,0.11312548212379997,No
2.5393983074241424,1.163259829280169,No
0.7014367403540627,-0.24776395448671087,No
1.064922863415172,0.9119241746683295,No
1.2180633186959788,-0.4779443343824116,No
0.1828748515399674,-1.5173217798976137,No
-1.5670560346783435,-0.20297428918119972,No
-1.2674307269967022,-1.2498800267716859,No
3.873187905905436,1.6137230660451936,No
-2.0208164335248933,0.7311622115060283,No
2.1303933780300426,-0.8275672202096863,No
4.612954223354754,0.9288517500308322,No
-0.16925603744540352,1.5256031541626884,No
2.1409638569478004,-2.8065482234489307,No
0.8879287611956591,-0.17595662040401241,Yes
-2.02036176947193,-0.1362613911636063,No
2.1426114187694596,1.4646176339847308,No
-1.2303975657841542,-0.05667767895404334,No
0.48334538946035366,-0.32429877694123427,No
0.11019368383683666,-0.5263862510303232,No
-1.7792798061078976,-0.8022867254436296,Yes
0.5423338486126218,0.9128198746190574,No
1.759527335121599,3.8359350088521245,No
4.730928822938136,0.48389771948501703,No
-1.4768113369970588,-0.9087064344143035,Yes
-0.6714208800899623,0.04860253977604646,No
2.123215474576103,-3.3923408065923235,No
-0.17684827412833268,-0.6157329547042363,No
-0.9974265807748227,0.18620415584176347,No
0.3201158839891898,-1.830602294276877,No
-0.5266106383232969,-2.33031451898378,No
1.862881469057323,-0.1669024665287678,No
-0.9107884596109288,1.6399188867666141,No
-0.7967673500217896,0.5331441832774988,Yes
-1.753767396786866,0.5413183170993731,No
0.0597607590118145,0.4599147871794603,No
-0.10811706711007614,1.1983755578227233,No
-0.6526099954478233,-1.072160140252926,No
1.891688816008313,0.9253083013820184,No
1.6424248496486544,0.7247072884662227,No
-0.05759190544570205,1.1173813953308414,No
2.0883643676957266,0.35983728692822003,No
-2.4030563480599323,0.3021983929826803,No
-0.4821842560386703,-1.2004181440167683,No
-1.9526223982631004,-0.6638468170928826,No
0.6126555144733116,-2.28622218955499,No
-1.5403276474179672,-0.0561944974770137,No
-2.0167755927445357,-0.3951161468404566,No
-1.3012543207837355,0.1593107465215985,No
-0.28961062694190937,0.1651950500126601,No
0.975915099445854,-0.05105544924137781,No
-1.4385787613248637,-0.9758829762727768,No
0.3826735177328873,1.4814396883783252,No
-1.0891081447683268,0.6427213037219349,No
-2.5767680449843873,0.3193922855485099,Yes
-1.478160564274619,-1.449473522767259,No
2.354490775444463,0.07227747278653851,No
0.10503012537519048,-2.0615511195088283,No
-0.14127222002901585,-0.1479730764072131,No
-2.4378627083639888,3.1756243519933167,No
-2.6787714650127534,-0.39837619864364654,Yes
-0.7143492249961894,0.8501604495864723,No
-1.3145713171938367,-1.5276491216246084,No
1.1397204880664298,1.143982970447002,Yes
1.030734373911724,-2.073148038115453,No
-0.7733517523586748,-0.2904082090152262,Yes
-1.9829103570003719,0.4780066355493241,No
-3.0213808969363067,-0.2919625242118302,Yes
-1.8603519055265452,-0.9158825233951494,No
-1.2450123876367312,-1.7245189809063006,No
-1.83692469414826,-0.15155127629899773,No
-0.416535010762991,0.40160278557457946,No
0.9766933933775092,-0.42689251468045003,No
0.91074722574712,-1.033850613371637,No
-1.6965532924897784,-0.7068757883467516,No
-0.8126083101890235,-1.2958034316600804,Yes
2.524790274467352,-2.6856602410993284,No
-1.4541044174579838,-0.4217326095043016,No
-2.985569548567346,0.5298391402258219,No
-1.7065062586744797,2.9799881300019564,Yes
-2.506380091501286,0.03604403007268528,No
1.1297207284223074,0.6140726449369421,No
-2.622809872955612,0.9221888386593562,Yes
2.7721718897246945,1.7717104136216337,No
-0.4565676359845584,-1.391579214326994,No
-1.2638369788319481,-0.5537202691322798,No
-1.0196860126419602,-1.8310507438117563,No
4.409045812060941,0.10935576010632135,No
-1.0463869251895361,0.2805823899688185,No
2.4728375162598013,-3.1679559663835843,No
-0.9716540340451785,-1.6094499766340944,No
1.3201618519841785,1.6408702256756198,No
-1.378784897534804,0.8368149899708466,No
-0.7959402010836772,-1.3396297283861969,No
-1.3662316849246816,0.14445651482403496,No
2.1948987959658663,1.048078256449495,No
-1.853873079590019,-0.007681369981537232,No
3.7357362078553593,-0.2585019673529407,No
4.260471427926948,-3.0946007592718634,No
-0.5744444474451081,0.16269039556128376,No
1.0614370481628856,0.008824467231368762,No
-0.507461149690185,0.023034579788396726,No
-2.074669222940871,-0.6998359537706439,Yes
1.4119783456058108,-1.4684098658946279,No
-1.594893720134282,1.3845409630842038,No
2.4047112559422983,-2.3500396845904836,No
-0.24133912512206934,-0.8369446465996954,No
-0.8338263437465224,1.6078850839303125,No
7.041756811755049,-1.1269120969797946,No
1.0977725145394688,-0.23646288955386077,No
-0.3494007806900575,-0.3545419634295055,No
-1.8686875815977573,0.9586785681387122,Yes
-2.324459866831867,0.42730070119078806,Yes
-2.738352436843382,1.8625317472780574,No
5.019303423046892,0.20191327901246195,No
-2.383963291653688,2.5256508857981146,No
-1.407705109436148,-0.1518598514441469,No
0.5274374692975778,-0.008819024247933125,No
-1.8921881470503192,-0.5327699688740364,Yes
-3.1946018799131313,0.07027068099529413,Yes
1.5307813322903667,0.5847093767512855,No
1.638835084437608,-3.0976864449689154,No
6.067104915297994,0.9074295626504404,No
0.21103135085065186,1.4162786396509734,No
5.061031885188023,1.185871322411715,No
-0.08986014746442127,-1.593565541829213,No
1.6960209532176518,-3.051667841991945,No
-0.9745073904319373,0.7705698848417203,No
-0.4787409530245919,-3.1023568525929193,No
-0.09178591847149793,-0.09379338125297312,No
0.19277718707551056,-0.8238921159080117,No
1.2725897270988933,3.211638752526042,No
1.836234528236452,-0.859778047084499,Yes
-1.443242456916753,-0.18019258900311583,Yes
-2.209329490929554,0.5804007303479123,No
0.07421272532115147,-1.2017286924489594,No
-0.9018294059988688,-1.5828045749031612,Yes
-0.14748913903769637,-1.9323166093990656,Yes
-1.7244689253586303,-0.6015340883377797,No
1.5360212391217425,0.20481621689301702,No
-2.375273222308773,0.07811973571373823,Yes
1.4186883012604798,0.1340754045042501,No
4.861701492427509,0.630646026617629,No
1.1268445505581506,-0.5368607803427528,No
1.6128108071015277,-0.5998930893735903,No
4.020275965189273,-0.4053893387351479,No
-0.8397413174104345,0.3632363232016126,No
-0.4881568110151862,-0.20034805632922523,No
1.7080318841971216,2.6790933255135054,No
0.6004668540284575,1.046910062590014,No
-1.348721367301574,0.20726552929793102,Yes
-1.2612326751328595,-0.728926563991734,No
0.9412621600172654,-1.4674282444745492,No
-0.047384125286328176,0.11946878583392335,No
-3.33858286431097,-0.052123581776946516,Yes
0.01863388419230442,-1.6671531190724524,No
0.4611431332456306,0.5541716929435518,No
-2.139358397308848,-0.7612508294229022,No
-1.0280291621317295,0.08678076499562506,No
0.7828202040787525,0.3356255282390502,No
-3.0048033629428677,0.5344222438584058,Yes
0.19134862259061258,-0.7851919473837671,No
0.8461019243753334,-2.355692186322256,No
5.353301246747134,-0.08876996866169401,No
1.3807134489140676,0.08110116963787678,No
2.1315172642897307,-0.09254601450899165,No
-1.0699662464307438,-2.0431190802575423,Yes
-2.341367131180554,0.5407501511191231,No
-0.7413545693903024,-1.254135423157388,No
0.03406253387274792,-1.120295756480984,No
5.702185839480912,-0.04269647576734395,No
-1.4488452676879262,0.4160270192145152,No
-1.0770120533259413,2.4255433880262847,No
-3.0945950572821554,2.0048920799840237,No
6.0638547502649,-0.7641757470501132,No
-1.4756455928148182,0.6041307903918528,No
-1.8227871557758077,0.5801233262991672,Yes
-2.7325948633505477,0.07031525709416622,Yes
-1.24062815824573,0.21952220395974975,No
-1.3153929272877471,-0.41889804814199166,Yes
-1.3092281952442955,-0.5697295681183412,No
0.7016070368890123,2.351749959831534,No
-1.8065950655759473,0.302220055201398,No
-0.5823187434249345,-2.0227112357806525,No
-3.033477455894105,-0.38541560684051274,No
-0.3123034066704004,-0.46485348950849104,No
0.9016728735716254,-2.647050663337159,No
-2.3658840977496824,-0.568810088879639,No
0.9589484253109305,-0.3596482475679184,No
1.5177344828115416,-3.3667977248755294,No
-0.6911200092843925,-1.879934009926493,No
-1.084935975859449,0.9353790316771765,No
-2.1578077714941677,0.1026171446833844,Yes
-2.4322184253592485,0.2110120685504463,No
2.1425772419150015,-3.092414514678089,No
-2.5050907460646794,2.690305624571016,No
-1.1271177915093427,-0.8777849397244566,No
-0.6054995902662965,-0.44354946382189336,No
-2.8407331817697448,1.5255662158463192,No
2.733487924445042,1.709650619371634,No
0.8292964294482315,0.9823258803171911,No
-1.4339676194444027,-1.2260659544391626,Yes
-2.3027157431957073,-0.057442118038631654,No
1.7533785750612152,0.7405288424324782,No
-1.5389487705864906,0.105924102246511,No
2.690672324481926,1.4602432084562962,No
1.5551785141193497,3.0029959278996636,No
2.0814523908426317,-0.8732272714692956,No
-0.663778299013599,-1.1207247581375201,No
-2.0833600055619055,-0.08461364828010177,No
-3.1723350629860123,0.005925452416449,Yes
0.5837333648653369,1.2297285446348318,Yes
-2.728558869057296,0.11617941076433849,No
-2.2735271892449163,0.38837082188988414,No
-1.7193959823352856,2.165157545494719,No
-0.23158091484512397,2.461396326084197,No
-0.15213855075594734,1.5074937386637264,No
-0.36885793471587963,-1.5304469116191493,No
-1.1507791114383161,2.399499453435576,No
-2.3633331171890304,-0.5159599399774457,No
1.7173641991445916,0.765060589166396,No
1.3112803599317386,0.620599962932803,No
-1.8460154658214503,-1.1283281825569078,Yes
2.8100781658172056,1.055348137349286,No
0.27135671298821495,0.2065501729649387,No
0.1576936293770699,-0.9957459481391921,Yes
0.6785448916906321,0.22661640137342426,No
0.3570710169977553,0.09365210955971637,No
1.3693237836013845,0.4137180471859241,No
1.15931801286462,-0.790951901132055,No
3.482555796289778,2.079415656767642,No
2.241196308636225,-2.0341082735778393,No
4.995314124538641,-0.22067880233355358,No
0.00032534722094915803,-2.6426793370654793,No
0.5392396287862254,2.7584666064735037,No
4.446238147595667,-0.47123538151777933,No
-1.0781493135127767,-1.59867099878405,No
-0.4303303345588228,0.31888654272414846,Yes
0.9900729565931038,-1.4378968218085684,No
-0.9115867144841755,-1.8714314056187673,No
-0.9670402757029842,0.07627281461620629,No
4.999249734905126,-1.3290265955876521,No
0.8592361536668951,1.9400986408263694,No
-2.881975953147008,-0.5702995438273519,No
-1.361854427492023,-1.5152892046966713,Yes
-0.7659043130751744,-0.4287480448683891,No
-0.6240716295032434,-0.8914005432145585,No
-2.2369791466371356,0.6246404348102264,No
0.39889570542653985,-1.2437361093012516,No
2.7256809979714984,-3.047353802447088,No
-1.6829951446138407,2.04538079189938,No
-0.12776368452208847,-0.03526361937193831,No
-2.130205463995612,-0.08169227377470421,No
-0.22840064883415143,-0.9695742481742475,No
-1.204977237766005,-1.6657331478726956,No
0.7430722421569257,0.8719115527199871,No
-1.9341907870683215,-1.9822630734788205,No
-1.6558117189690411,-1.3114401969544753,No
6.0913978070395,-0.12167668161743576,No
0.6109472429106082,1.2122850891383425,Yes
-1.04330188167617,3.169888595032323,No
0.07707035185588072,0.24412419141681857,No
-2.6218870634835847,0.8032641675143001,No
-0.27453986529642166,-1.150601552947063,Yes
-0.5949798358933659,2.2536630042455252,No
2.9426717428095603,-3.407081115691855,Yes
1.0614295658955233,0.25761525891443376,No
-1.0044626232079095,0.060752838005532245,No
-2.2094952626179203,0.17520260174018526,No
-0.5007021922192358,-0.3061197395878807,No
-1.2649393730285818,-0.40989203973647376,Yes
-1.3380186378762247,-0.23393016749600448,No
0.18324233521950598,-2.492347538680518,No
-1.8465127290844954,0.8362084064696648,No
-1.2874873848620905,0.4461873531767384,No
2.124346004597251,-0.46070849914019096,No
-1.039294369348633,-0.24264725802660275,No
-1.9947830540941138,-0.005690998851604288,No
-1.8896801730942638,1.5735724491110885,No
0.2915346322261534,2.880202544800978,No
-1.1736202138819836,-0.700294828726551,No
5.6108512734072775,0.4222374159748431,No
-3.148896704575796,1.828913843954954,Yes
-2.9061017508834186,-0.5287607550997265,No
-0.2489666325072184,-0.0565764010910281,No
2.3600198601705156,-2.590649305994744,No
-2.8547567685798896,-0.5294047619209619,Yes
1.9465741087239357,0.1365015662212815,No
-1.2954071051342566,-0.9489100341018459,Yes
4.288094157868859,-0.45939840162879075,No
0.02012361459055306,0.5364116734301242,No
-0.593618142894104,3.3308023406303473,No
8.284849106164875,-1.2589678587952344,Yes
-1.5854109120256792,-0.9276599634059179,No
-0.7048295563231561,-1.7582111826966689,No
-1.83133778121387,-0.7228551980896082,Yes
-1.3831761756975263,-0.6151769994321088,No
1.8986106230681612,1.1649152485954624,No
-1.3286009580324258,-1.7720031736605026,No
-1.6247930406130064,0.9371263693468039,No
-2.387005890491792,-0.7651062586463931,No
1.1683041326863663,0.68790581902146,No
-0.522071848942813,-0.4203104573009736,No
-1.5791801382375614,0.2544840224546814,No
1.8254485148257085,1.0422860185119849,Yes
1.0447057726828888,-0.06246802156903764,Yes
1.240205105844708,-0.2632050709084182,No
0.8603739867128294,1.1701292195545636,No
1.0449476083780924,1.4563285332511742,No
0.23357821965164707,2.8598713901154205,No
-2.0933239007830626,0.637611220160959,No
-0.8354279649063869,1.25804067766788,Yes
-3.060072308222192,-0.45019530946797615,No
5.218994347029406,-0.10157769169834846,No
-0.2239456272526982,-2.1613257969229767,No
-2.105141071285552,-0.8009953268413139,No
0.10958190362199796,2.955349930382206,No
-1.5470521299572588,0.02478922079737707,No
2.5959265800241123,1.692998869004169,No
-1.0785891337869948,-0.7448398843766013,No
-1.1483684678052781,-1.2460810994932678,No
1.8613072847248453,-2.180468905766005,No
0.7908916048830752,-2.1297320868336294,No
-0.8763260024567493,-1.0708721290464989,No
2.6738644345978666,0.08313474657610623,No
-1.3471546282582318,-1.1324483897105089,No
-1.777622752712645,0.1165046185494512,No
-1.7846126447089863,1.7225531038893152,No
-1.364511593259478,1.5508945187915708,No
-1.6228418618413896,-0.8077598130802603,No
-1.538611441668531,2.298981878754147,No
-1.6216770026715068,0.6536476827505495,No
3.6780818871198586,3.587441205793862,No
-0.05253532079930125,1.4953550322935076,Yes
-2.30848257813931,-0.19687959243607286,No
-1.685454532772911,0.09695225863975707,No
-1.2415789151779608,-0.6163730910808874,No
-1.791363904020899,1.3265413496013883,No
0.40125698606677734,0.7201620492304603,No
-1.928867462043597,0.4776804997365106,No
-0.15524584681121145,-1.1957906146029567,No
-1.4551091608491928,0.34460351132846556,No
-1.9726452281532858,-0.13061588160792523,Yes
1.5786016993357401,-2.8430590250449463,No
2.2974472827094936,0.7756321760687597,No
-1.4699547886727233,-0.5263566768873621,No
4.262071816354207,-1.288119026668308,No
-0.3794047721575997,-1.2397570150935138,No
0.6827431859798114,3.0674925894812497,No
0.33480487060406255,-0.1574830512880198,No
6.1294430403524816,-0.4354423311064776,No
-0.17762320263833267,-1.734258204027395,No
-1.66834787197326,-0.5972178705464847,No
-2.645694716826193,2.007621913188496,Yes
-1.7737273763199237,-0.06270521906827654,No
-0.20957081438395558,0.2818866133506224,No
-1.5870647897418613,-0.356287927839238,No
-1.8615679176778075,-2.1999904536287676,Yes
-1.6481994568358063,0.5260634347178558,No
-2.656409284123569,0.12173997799863734,Yes
-3.3097176148700154,1.0129784884642081,Yes
1.727794622786419,2.055467187546978,No
-1.5497281015339994,-0.04506501254299336,No
-2.105734128786421,1.3097227728519363,Yes
-0.7221030713167543,-0.7436415831044755,Yes
-1.9495937156735088,0.01281240583883961,No
-1.494613308298578,0.6368061226066829,Yes
-2.8509842603022877,0.3491394419967318,No
-2.6284962311387456,-0.22469777432364804,No
-0.4675304293782544,-0.5149311990280419,No
-1.8324231253600893,-1.0127556295386917,No
1.31555890506629,-2.162399239265177,No
-0.36303636824803637,0.5618098312285964,No
-0.14049332446128798,3.1213252865017838,No
3.4797122679496764,-0.5600184188423099,No
-1.6127412387835325,-1.1997123118433284,No
-0.44796398823363337,-0.1188851866980106,No
-1.4505167000558974,-0.061245463584385915,No
3.223184116054878,0.6383259960287064,No
-2.1900497758410484,0.9529536227938018,No
-2.974942287766891,0.5517076448303783,Yes
-0.6224493397391697,-1.9539672942394561,No
-0.44419927064205406,0.497147229546596,No
2.768817197297865,1.6753599297916681,No
0.6967192644526794,2.5026950947922937,No
-3.143120745631666,0.23453970534353857,Yes
-3.1075753756059363,0.5686721509845009,Yes
0.6687715715361315,0.6693757521197425,No
-1.9501847793843359,-2.110562171699568,No
0.3463998643658409,-0.009544361505415527,No
1.8055081428074538,0.6921891556121834,Yes
-1.1053881532171845,0.05516889542863957,No
2.2916757792343017,-0.8568362058602353,Yes
0.3512429458342112,0.14294252071458174,No
-2.4020110485730357,0.22826944552152334,No
-1.4543136667814711,-0.11121001981481804,No
3.9037489762709465,-0.6518301435376019,No
-1.6637925121191135,0.7024908692267753,Yes
4.848855805648431,-0.6187904993345823,No
0.8656426642120103,-0.09124142914837233,No
-0.8149905682857438,-0.4199412777672109,No
1.330111183140325,-0.6474003091506559,No
0.8547866309517405,0.31940545261120507,No
0.5057412633203954,-2.5574981132908463,Yes
2.2051704794251337,0.9936414279142687,No
0.3361785713500434,-0.6130079291631729,No
-2.160962853088993,2.666217434610247,Yes
1.8986669515864165,-0.8763113726637977,No
-2.7618141848669286,0.8004628197029231,Yes
-2.1127426205450672,0.5933242976738398,No
-1.1533287103074554,-1.0442412500319438,No
2.6587294148390916,-1.021973001105266,No
-0.7492149166510074,-0.42245541260364733,No
4.8953993373529965,0.6125651577452587,No
-1.8468671198654096,-1.0753531046020814,No
0.4702195320589603,0.6859378763905466,No
-0.3373859639596724,-0.07924401025791869,No
-1.924138700828693,-0.5644049269918401,Yes
3.154600423844348,-0.5683972622424306,No
-2.297008535415655,0.3701344499278836,No
1.4246411037190414,-1.2158977761692975,No
-1.5973479828318402,0.7510551285220435,No
-1.7373614381793059,2.0798992264742564,Yes
-1.5229163218236963,-0.26637946461142137,No
-3.484688319444739,0.2997505064320383,No
2.4880240040339285,-2.147700037102965,No
2.429547975777126,0.23110393174150723,No
0.7929117248858207,0.17261556492155722,No
-3.1360526826796074,0.07256364737808921,Yes
-2.119517477630009,0.6517304364468823,Yes
-0.6077395884748017,0.42641943376782043,No
-2.4395101960785315,1.0282179624669845,No
-0.1888512052361406,-1.4172275749636105,No
3.638556125127411,-1.0173126503366647,No
-1.0496461158524857,-1.1901288688840135,No
3.78201405737166,1.13761920661307,No
-1.554969521324799,0.6286317335645383,No
-1.9289226783544602,2.1222085590861544,No
1.239787657024774,-3.137649308529623,No
-1.860310992028274,-0.9054604858007422,No
2.675503908156773,-2.2351107573590023,No
-1.4081170502731066,-1.2332743149151337,Yes
1.9082903553154598,-0.4760293330001179,No
5.32637378309467,3.2263909291508885,No
-0.7247209578445803,-2.704506140871861,No
-1.407813677480799,-0.391206853286056,Yes
6.8204732810405035,0.5999106956300224,Yes
4.450656032477111,0.7825933342207749,No
2.288781938940898,0.3934083972689233,No
3.281277366818555,2.7589327732178535,Yes
2.630319239852553,0.06050358409147523,No
-2.2255182598807894,0.8850740796287246,No
2.100722742203006,-1.975489090125693,No
0.45831100716807505,-0.3083186599909377,No
0.897822771287498,-0.4636317935737964,No
1.177316628567193,-1.7064701334015708,No
-1.1024996508779186,0.2991041485193828,No
3.743029556673947,-0.09637739557684577,No
-1.6033959995077685,-1.6763824279524664,Yes
-2.0011500223533116,-0.5662973459079317,Yes
-2.5462101874537626,-0.159322920203867,No
-3.206536527714046,2.2049565910661104,No
-1.4712558478908655,-0.2794916093319341,No
3.9089386930962755,-2.4750089143317924,No
-1.1922462963873035,-0.5414629722368661,No
0.8204316071487218,0.44980839593840266,No
-1.9996429761520451,0.6084154319625682,No
2.481201216859395,-3.446336500178168,No
1.5850930552614384,-2.0247952190967538,No
-0.22865491559730608,-0.24908416218843113,No
2.372676742276186,0.37156753958139876,No
3.5623255919237904,-1.914936670845151,No
-0.11881623333728442,-2.158893875965267,No
-2.6645474368883986,0.3989403887100592,Yes
-3.1284491442665967,0.17977507419864974,Yes
2.2438035829304557,1.7702296662934613,No
0.4246565440626223,-1.8582787880851332,Yes
0.8287895983574508,0.6625675921030332,Yes
-1.7154134683393616,0.9087902430640518,No
-0.8819127467909654,-0.29394820892252904,No
-0.13757299490293862,0.5143771540535054,No
2.305551854580471,1.660362731545316,No
2.256504192637894,1.6608039412017521,No
-1.8828342490267516,0.509250391259522,No
0.9051752221168075,-1.4212967801188061,No
-0.07540630800522892,0.3403946201826427,No
2.8400876858940425,-1.3908602168727016,Yes
-0.5674569585273935,-0.9919080198133179,No
1.0388754723361127,2.5555532920373762,Yes
0.9044619374929641,3.333037305418877,Yes
-2.0795677231569814,0.6192443391944465,No
-0.9316689051568805,0.4004409047116601,No
-1.4358418463149987,-1.2727314307107578,No
-0.655267988891857,1.7894333568993044,Yes
-2.84541517205154,1.8001812432740651,Yes
-1.8679510520595322,1.7266502851040337,Yes
4.634664032495769,0.7590245463029296,No
-2.859270794397496,0.10636132196917561,Yes
-1.4371842930818695,-1.9950404391614007,Yes
-1.5764411659075497,0.14877602687308067,No
-2.275732394574884,-0.7582420805252083,No
2.195589694859619,-0.10904412003916593,No
2.3760489351427685,0.7373066893991814,No
1.5934352184759963,-1.7169900684853276,No
1.033605433416524,0.31175340707272203,No
-0.6440026786674355,2.3255960392101835,No
0.5655492397601013,0.8751571543098468,No
3.7068337374973774,-0.66962061783168,No
-0.9579971057013138,-1.9275753281642325,No
1.1940623988816674,-2.385407645617802,No
3.6807931945344103,-0.9715442240671753,Yes
4.3422603292399655,-0.09660416510054949,No
-2.5942342438315444,0.3005396651971433,No
-0.3957634272100697,-1.5658244906594843,No
1.3803528578035569,2.263625454155707,No
-2.0750890920875147,0.14517416997126376,No
-1.9061908653077835,1.0844888463760374,No
-1.3242061990909395,-0.7030331093435778,No
2.6276449978371255,-1.4489516341962605,No
-1.5913027377852729,-1.0295852669204226,No
-1.3520125406950925,0.2387858461805808,No
-1.1761493002271337,-0.5447661159372756,No
-0.49450482575495697,0.7272895174962639,No
-0.7693206414853591,0.10707134217801048,No
-2.2960822058438635,-0.08643229200742773,No
-3.454835030237816,-0.06244585755293317,Yes
-0.9264627784422442,0.04143724332275696,Yes
-1.937715487401977,-1.2500003891841243,No
-2.128657272927019,-0.004605482584404378,Yes
-0.6112266624728532,-1.0500883082639545,No
-1.9492215034869134,0.17922803379854707,No
-0.9297161255779501,2.3849703575533936,No
-1.1764748242766168,0.3709885718256917,No
1.1721334797956364,1.3612913959784105,Yes
3.346535401019055,-0.6035845562216061,No
5.163249184101126,1.2511445670042272,Yes
0.002443402229015288,-1.3625509387468413,No
-0.8376075136485079,-0.9252580530031179,No
-1.7625189359565023,1.4202344340602995,No
-2.9553775443495964,-0.43855764784426904,Yes
-0.6621178707441373,2.8684737417765285,No
-0.4080036956566829,0.8436216907387953,No
-1.1930326059425145,-1.447230757132583,No
1.3766463285825496,0.35245994222372734,No
1.314349136614906,2.89025546898766,No
-1.8851999388913365,-0.23145795237703617,No
-0.6099303769855329,-1.5367172664107458,Yes
-2.817029497780881,-0.4817289484143495,No
3.321839332950397,-3.491672474763012,No
-0.4577589938201445,1.3542238293949638,No
-3.1747748602056505,2.8039135425353114,No
-1.3723033726328207,-0.6576903806219108,No
1.5851436296121881,0.9416208927507332,No
-2.5534855274887267,0.2598895357585734,No
-1.1697422765767325,-0.7687282384722534,Yes
3.81852147906925,-0.995092808271787,No
-1.830390862385768,1.4770581241743914,No
-3.059810538888629,-0.17923780733122285,Yes
6.5552800988237845,2.2331769921063627,No
-2.177398021874387,-0.9613628537758802,No
-1.3223727916398367,0.05741508021720943,No
-2.343656598298357,-1.0161156875664645,Yes
-0.9699363654135897,-0.7068724205653089,No
-1.6353244125506001,-2.2698326354832554,No
2.2969484916638083,-0.38293750626248724,No
-1.0685974500582582,0.19234210433024074,No
2.2897579447501037,-2.9421861511944885,No
0.8832249317679944,-0.47468627706391137,No
-3.1586346339897884,0.025134149584290635,Yes
-0.4739632921955693,0.12605803993933223,No
-0.4551062337762413,0.7862836431638623,No
0.949256410658744,1.3128100001090968,No
4.140685909461157,5.020988194588614,No
-2.5220477499606426,0.7676046263336721,No
0.13904065120731432,-1.3204594277392494,No
-0.31923637348099326,-1.6091322634541652,No
1.4690334231255011,0.48536303781236256,No
-2.063821061916507,2.1062991741678263,No
-0.002788317673351765,0.08984744244387208,No
1.847136403818341,2.1879768216956323,No
1.0312675231037611,1.9483831002437757,No
-0.6388143581554562,-1.5723028236249326,No
-1.5434910349896909,0.010292807187301705,No
0.3619649923812795,3.50670827833779,No
0.2528592966401488,-1.9966548143487028,No
1.7942912206117692,-0.17768916694983675,No
-0.009359154415698356,1.3917111944117013,No
2.1239033823230082,-2.26822702231682,No
0.20919754573188148,0.7959244428926854,No
-3.1650949449563104,2.8109283744798144,Yes
-2.097146590368097,0.4305799476071195,No
4.225853994283199,-1.6084998251835492,No
-1.022966885118193,-0.5679258204772436,No
0.5876791501875988,1.4095587687636995,No
0.2059438767487839,-1.3864568514608657,No
3.3468206475313567,-1.5802584429692623,No
1.540253880304241,-2.8788999343116903,No
0.25248426873851143,0.6248665696113516,No
-1.9743760101418109,-2.0612577330186674,No
-1.9328401523775727,0.20561400960165016,No
-1.4955423294609378,-0.7842982115797065,No
1.7122578193678548,-3.6990015095975393,No
1.482413428042247,-0.3892094821779977,No
-2.7058989557171467,-0.17430693057491764,No
5.027227563317322,-1.5004053684786638,No
1.0737393495867371,-0.05241178660720115,No
-2.982882408799175,-0.17867303584940136,No
-3.10034879474831,2.1857109987165444,No
-3.1446427567123783,0.505789916562578,Yes
-1.4029205016775077,2.7211697384817195,No
5.082553333192637,0.08885054126623161,Yes
5.7486024501962545,0.3057386264326792,No
-2.5237975399013957,2.5139676467950918,Yes
3.3897815391229025,-1.359617620787756,No
-1.5341554000395838,-0.5934792467403587,No
6.772722063495892,2.2440798241095194,No
2.7698043301514814,-2.163120271238055,No
1.4557077140997712,0.5533920635586201,No
-2.0787396387123387,-0.29202098303814533,No
6.420889594234461,0.5433572744347089,No
0.8644617275115184,-0.05746231919229318,No
-1.9186771135269542,0.3228949533140566,No
-1.0631889754725967,-2.053487665559292,No
5.0582219837307285,1.1651448525440178,No
2.9204055543584673,-0.046998142908707304,No
0.9252323638827699,-0.6156720689214917,Yes
-2.07838071777011,0.04981775045476791,No
-0.273595111665427,0.7090357351780562,No
-0.2602863658878352,0.06308860778136516,No
0.07826347063778032,0.9796432612216138,Yes
-2.1121311809926415,-0.4630399607032887,No
-2.4223285865728337,0.5205553269524543,No
0.3458410840429945,0.7707225312897866,No
1.281746961668774,-0.6400152898321073,No
4.466877747761895,-0.7960886484984766,No
-1.1790784570207173,-1.1955592433888764,No
-0.7361667141390139,0.5070549661070206,Yes
-1.4769044499794282,-0.15013355955368038,Yes
0.007623368415313785,0.8182175178056309,No
0.7788475800610477,-0.4051082468905814,No
0.3285319069531466,-0.5454010755328026,No
0.6061451768413958,1.0631070174715194,No
1.906361899786367,-2.9478486644421484,No
-0.02587928629695025,-1.3385649496509953,Yes
1.9980043162647603,-0.8272821579765562,Yes
0.48770335160805806,1.6342198438930915,No
0.08842580948594812,0.7846717604686303,No
1.6626239314018256,1.4209128815406724,No
2.19063601641321,1.1611461397235354,No
-2.007969455746894,-0.1571765437992854,Yes
-1.2828300030741253,-1.2734593763733641,Yes
3.7575425439212116,0.0464059149307959,No
5.624654090334046,-0.35259906382567474,No
4.616379322019743,-2.5966434339112876,No
-1.7024796602505452,-1.2781940496638786,No
0.7521172636371052,-0.25975267016238457,No
1.1201650109467518,0.7330145813024598,No
-0.00962508251891821,0.35513812158718117,No
-0.465561293468591,-0.3900120429975918,No
5.258998303418743,-0.49822914532450446,No
0.42605084951850775,0.01575621163119692,No
1.0685391369202402,0.8618133271073525,No
-2.077765918457863,-0.06795440026310326,No
3.8140915984460895,-1.6828792219593984,Yes
-1.4770974851482028,1.4419811281373773,No
2.0321767501208736,1.2504180179201339,No
1.5340407658104511,-0.4702489799078522,No
-2.611935488883562,-1.3430261928054839,No
1.8136678492987541,-2.1267477165715234,No
-3.4060190378553217,0.06544134157136097,No
-0.4609875665703223,-0.1915788826172643,No
-1.6419162459102359,1.7343232222550804,No
4.011075784352709,-1.1531764505317967,Yes
6.478362060870969,0.04131026269319457,No
-2.030648909353646,2.2781018910822644,No
2.281809864413374,2.7195538159290544,No
0.8264152436460104,0.5048365406437001,No
-2.5583314769396845,-1.2907297978073293,Yes
-1.0316800013630643,0.09167027105533143,Yes
-1.6651783605932822,-0.6909968475737859,No
1.9883558464328883,0.7667303958168042,No
-1.1498639844573963,-0.30646202410288287,No
0.38117782565263064,0.3695181153671713,Yes
-0.2747523006644009,-0.7071630998618975,No
0.6737190692967284,-1.7207760079515708,No
-0.2681522473857717,-0.5302437587939272,No
-1.1774481956484568,-0.5491897281049163,No
-0.5874574756659359,-0.8735906538327871,No
-1.6781902068064993,0.18451306493060704,No
0.5202077288605276,1.3749382257715503,No
-1.6599778982339994,-0.37834474858131356,No
1.604668846667625,-2.119124097108813,No
1.6518848916469422,0.6556758219734093,No
-0.798878525282195,-0.07460146555327023,No
-0.5016771543226403,0.6450306559773336,Yes
-2.1197908435260002,0.4799622859416458,No
3.462476932956642,-0.15546023989370608,No
-0.3170179437542328,-2.08540227165738,No
-1.6991630920242102,-0.2001845500330299,No
-0.37518661374694756,-1.1340419014217498,No
-2.0778590003164354,-0.666397928729916,No
-0.8000729041192582,0.40454223073051426,No
0.9679519272080979,0.8652187688403312,No
-0.014075910627367573,0.9284586505062485,Yes
0.8662639154608851,1.0327891177694513,Yes
5.251964109241422,-0.5576358800836513,No
4.232966782988139,-0.45752930865785263,No
2.6637976021504866,-2.585682640998492,No
-0.2085781601441947,-1.2426249277571155,No
-2.8099132811922813,-0.4841693039637936,Yes
-1.210239958900919,-1.450100941811635,No
0.3834197634905407,-2.232486559931713,No
-1.15008256584857,-1.0471995694858147,No
-2.835910520191155,-0.40047010516619136,Yes
-2.149250488565842,0.6435550026167345,No
0.2829186103580221,0.4865977260171163,No
-0.8929871863329452,-1.1978753102152717,No
-0.23337927365501338,-1.5801871708285413,No
-1.916598940673471,-0.05287920330256665,Yes
-1.232177432290618,0.2291457103498456,No
-1.5128796186503342,1.0462373577160453,No
5.140227789396229,0.3425165234036521,No
-1.5193959402914352,0.1970559187100434,No
-0.621380506804868,-1.5419780005829617,No
-1.4803041859557844,-0.12591306915518824,No
-1.4717034461376892,-0.8516620100261858,No
0.3957845146381583,-0.6545824609916778,No
2.1414456718190396,2.007890200136648,No
2.131554780772547,-1.3927715384147301,Yes
-1.931953591479891,1.330996657328236,Yes
1.2098223793965712,-0.1304088659593092,Yes
1.883170533765555,-0.29374446938333226,No
-1.8949241308193652,-1.1551510378622047,No
-1.6963462174608046,-1.1073692906693395,Yes
-0.06769369011341007,-1.111010306966035,No
-0.2504997372061642,-1.9242356788538777,No
-1.9125286606106977,-0.07616504924735239,Yes
2.1185966777360803,-0.17384153528048898,No
-0.8283395866632728,0.2579416626697872,No
-1.3040128558213848,-0.6943459489608016,No
4.597765537333444,-1.6663939048018352,No
0.08621322867011434,-1.7395326576504975,No
-1.629863682184861,-0.5609618709281333,No
-1.2495318820097217,-0.5290009647614552,No
-1.2582941700113381,0.02121437478528052,No
1.5877232188318766,1.17352663572841,No
-1.5926806647886695,-0.9907044855084383,No
0.8541469890751968,1.1102901300063612,No
-1.1039481899463526,-2.622559204901128,No
-2.9148830098308025,-0.32666772372053227,No
1.4295316356240446,2.9171727249591757,No
2.4304766020192914,-1.3297705557250243,No
3.3875948525452477,-0.742257553784963,No
-2.000362840247666,-0.31357592883167457,Yes
-1.3676611095885625,-1.0670038839839593,Yes
2.228609438061798,4.137608285569893,Yes
-2.8426348055675605,-0.22148434356941582,No
-2.8325956306080835,-0.9183196079798003,Yes
-3.0906150024262073,-0.13396467850857674,No
0.16863862516370726,-1.2768312406314253,No
0.07760069493848976,0.24218460711884507,No
-1.7296378731102608,2.646266782556563,No
-0.7974767231302701,-0.7216849109379833,No
-1.247765877184448,-1.5601822829106022,No
-0.3528399521413144,-0.6684287514150238,No
-2.5132628476399095,-1.5021110508653588,Yes
-2.9756302900293456,-0.3740585856948995,No
-1.3972665273412441,0.04987275847735127,No
-0.7029312361108524,1.3986487922838646,No
-2.273478700132608,0.2653182806923771,No
-0.2567400419249846,1.128737020314737,No
-1.3592111298697194,-1.0071894139165853,No
-0.5123720569162519,1.5152126162423862,No
4.2536308476688625,0.9781968757518253,No
-0.398934477430749,-0.20362449024890514,Yes
5.722678336769912,0.6235108261695474,No
-0.4769666358474867,-1.07501654913009,No
3.6145557087825293,-2.03181851546755,No
0.919065162792699,0.46133310405448624,No
-1.9387854394545023,0.6619100183370578,No
-1.0380072229352786,-1.021997472226977,Yes
1.5329925808191696,0.7022556822723557,No
-0.5335637547130091,0.7588212922472541,Yes
6.127193149574808,0.07029633073633355,No
0.3647630201442459,4.289614995768882,No
-2.05187869506581,-1.3877343189043982,No
0.5393822717478571,1.4179568874210098,No
0.0981517461476943,0.432002503770965,No
-1.2509648598580898,-0.3723520997272878,No
-1.0910443630905506,1.2863593887938454,No
4.032634346207801,0.7755621818653562,No
-0.02339971789491204,-0.04451767801729055,No
1.951597250507568,1.203493902254419,No
3.804883130163697,2.158285937734546,No
-2.9066704088606654,0.4877198659891698,No
-1.1346995794953003,-0.295637214170723,No
1.8999726865929347,0.14509686413117473,No
-1.331844104279506,2.70684011408869,No
-0.4781453132080881,-0.44471078901800604,No
-1.6675730193428784,1.19830534770721,No
1.8805320580889529,-1.0441420419652148,No
-2.5823197816504986,-0.743483928500378,No
-1.0159569133865367,-0.8586126436647419,No
1.12105547214994,0.5227916378162888,Yes
-0.47893773215753,-1.3291584476346328,No
-2.189215711322969,0.24470074505685574,No
-0.2770427005749636,-1.0756648620133555,No
-2.637270623880069,-0.9359760413064587,Yes
4.608810451271882,0.25668265392022754,Yes
-0.7584880623830993,-1.045900557078987,Yes
-0.6786952952971412,-0.834904700784991,No
0.2622537277233574,-1.3742699679411423,No
-2.6235739034764607,-0.6545827043045204,No
6.824689749991991,1.4873273275855403,No
-0.9888355535281425,-1.4720419808084986,No
-3.089576408927837,2.1202520458137033,No
1.3894839217585926,0.29927860985542054,No
-1.1352444722783643,-0.7597719388968907,No
-1.1063051409915718,-2.0985619676105602,No
-0.4093931775035598,1.3465974623976018,No
-0.6691173565339371,-0.39979663465295157,No
1.2744350220740623,-0.19539719159912577,No
-0.8048216488112102,0.5213766489098449,No
1.940446417149851,-3.16817656783196,No
-2.238755358529978,0.23010987490720153,No
-0.9915358227576629,-1.4844751496330992,No
1.6041177191967688,-1.541351422704679,No
0.9579562730279694,1.4266681860422499,No
0.18853520396134232,0.41205881476625955,No
-0.9337937824126347,-0.1096246869348036,No
-0.8761468487846966,-1.2787647374867552,No
-2.6831016525431273,0.2561671533695954,No
3.967354317425825,-0.7301509851525637,No
-2.739046749531375,0.37815609054257365,Yes
-2.2450967284119527,0.7904926826888466,No
6.228982784270237,0.6473930870403002,No
-1.7858401466430813,-0.32212711172424785,No
4.427219654980361,-0.24881892834931962,No
-1.7141231478802854,0.24083881034628657,No
0.5391461320167582,-0.226610203591275,No
0.6805580229000913,0.6594624159358319,No
-0.8026108955660983,-1.7550401777493259,No
-1.0507022344053958,-2.0485429441013223,No
0.3008972840584433,0.4579082618705621,No
-0.08584644019190013,-0.32614869913390604,No
1.0536414790122755,0.008574433587734633,No
-0.7614081474838337,0.6665529388092776,No
2.253858201386016,0.5692205750906468,No
-1.596808630838767,2.286730858167159,No
-2.5050112629140595,0.911436161835294,No
-3.4339018141929802,-0.05725990723765937,Yes
2.4572708447294365,-3.253157748017445,No
0.2491625814534932,0.8845546640372405,No
4.6265216854180276,1.6958103700380718,No
1.5058514640798355,0.8118957022808849,No
-0.891202196717606,-0.4419229185885202,No
0.12294290881470946,0.12980814674538957,No
0.9272825699289156,1.4180754890103728,No
-0.22200331443890806,-0.22590999022053812,No
1.9704005394179014,-0.6646901259895905,Yes
-0.05820104944943579,0.49211932580066015,No
0.5054148239914918,-1.669230782746827,No
0.5029871717591434,-1.3006503940449556,No
1.6304980962698847,0.3239951214134871,No
-1.1010646702988418,-0.9736835656484788,Yes
-1.8176886563882297,0.6306768606273315,No
-2.0375353274750485,-0.6367996721140935,No
-1.9916628010617774,-0.2720279561197143,No
-1.4501503072486703,-0.5943978513039913,Yes
-0.7770810460947779,-1.6280324443797878,No
-0.41926833289738774,-1.6984381216570985,No
-0.5977318240430659,1.366987422593564,No
-0.9203391326437843,1.1048203196331976,No
2.036760218041376,-2.0434408036787524,No
3.5413642636038554,-0.6718524535311406,No
-2.4806352267725744,1.1542538167486691,No
1.294684092994884,0.7078804459726263,No
-1.0979422365582183,-0.5929133163147511,No
4.276475485382072,0.8102315327114646,No
-1.3645979489155204,-0.13985920171808924,No
-0.33794447269811473,0.7436104999292417,No
4.406403774043062,0.8086025242619199,No
3.6716731909700018,3.162123888005098,No
1.2081785613894611,3.174858685680652,Yes
1.8189283840141433,-0.04348752139726411,No
-0.5103065815790734,0.41464971447651533,No
-0.9505078890354858,-0.23836420050639767,No
-0.0774097779697553,0.1927183686315602,No
-0.8960952803515133,-0.790600076977685,No
-0.7231296126755277,-1.1262277911637817,No
-1.426317843671295,2.3356988091123996,No
2.0880216242684737,-3.215264987695256,No
2.102672439883238,-2.077247856960657,No
-0.17981459163115332,-1.4848568760833358,No
-2.7662897596251597,0.25900259573536394,No
-0.7984188734224954,2.562350758797588,No
-0.9382901577375582,-1.344291978880368,No
-1.2974775412507533,-0.18646006146372465,No
-1.9825244149467611,0.33042110121630147,Yes
-2.269117953883518,-1.2796650777847056,No
0.29328972111898044,-1.439313329064063,No
1.0959539668864395,0.10031994549498707,Yes
-2.7977773722737713,-0.917168438077544,Yes
-0.5499361296079676,3.2536487301274244,No
-0.8369316724676227,-1.8381230494267151,No
1.825189712820953,1.8164613164408532,No
0.4934768342925138,-0.8556412197292161,No
1.1718485529259643,2.303084268864618,No
-0.38313556079722894,-0.40866500581697585,No
0.6002780271709096,1.4577883310577902,No
-2.4897010272725075,2.2033900820264516,Yes
1.3902059312164712,0.6647110834729283,No
-1.0684261197508123,0.24538551523908628,No
1.6451131903546599,1.306041452291877,No
-1.7018201965749484,0.38434712442448954,No
1.913350610049704,0.3248452577984198,No
-1.3313088527230077,-1.0477754674870472,No
1.4000337929615791,0.47579279137481023,No
4.52139411764457,3.3324563222661787,No
-3.1798754654995833,0.07969126271240881,Yes
4.98034638707091,-0.8322104471168827,Yes
-2.2106330197292836,0.42012785172444767,No
3.9362808563664373,-0.3212090504329776,No
-1.3395103408206266,-0.7003417644940834,No
-1.612484207823368,-0.28408916256687095,No
-0.690870582248811,-0.7873599755992483,No
-1.0438905135805654,-1.0438603423269162,No
-1.9325820297860858,0.6473682488123935,No
1.4470885476600885,-0.8367095632795608,No
0.6244054233894938,0.28933059221974894,No
-1.165912444808811,0.753450042327277,No
-1.4255423475754132,-2.742921507899305,No
1.0123009030470587,-1.3149146688779052,No
-0.35043239676483334,-1.6373772622122895,Yes
-1.6583236177851717,-1.2703932188463691,Yes
-2.450283769188488,0.40361624223300796,No
-0.8737416366187011,2.266132673027418,No
0.9932928866987708,0.6916811686999872,No
-0.3558488842668185,-0.9644106514634583,No
5.1741179003365465,0.1477957643829919,No
-0.06019643920746516,0.5759006090647407,No
-0.2729951580842656,0.6030839109042517,No
-2.4081706828065723,0.4569498269575357,No
-1.8137143699088445,-1.029323765739395,Yes
-1.1032715875256012,0.11670625517220379,No
-1.6609610667030155,0.07563439727771966,No
-2.145681889601438,0.19622939963103686,Yes
-1.0839300109180163,-1.9599916656440712,No
0.524841211058875,0.08337081271456231,No
-1.826452811205467,-0.09255215246846973,No
0.6061654951083889,-0.6647471540525381,No
-0.5300402148856947,-1.5426926671679317,No
-1.1129407776603875,0.534218997037292,Yes
-1.336548146714901,-0.3609352670221455,No
-1.0590504120094453,-1.3938643523199026,Yes
-2.857270772482443,-0.5025060088490556,No
-0.6160756406312873,0.015325191818719637,No
-0.4158082868438287,0.3573789236982599,No
-1.0956758535286653,-1.071516275702106,No
-1.9915677213832799,-1.7051736562214899,Yes
-1.1262199322502913,1.190401592587824,No
2.5587928861144644,-4.511921038992225,No
0.2681483880893679,-0.01813881884533458,No
-1.3118772695258611,1.6110199546643684,No
1.3262781434604236,1.0280655467693718,No
1.7569261353836847,-0.9641177142876666,No
0.027304290184930233,0.782011460626135,No
-1.20045448797554,-0.8618754689430748,No
-3.1407613317241334,0.41920904787330265,Yes
-1.3342995979494976,-0.05647159332153591,No
-3.269263441413828,0.4776194977801203,Yes
0.9411517124271709,1.190572308703618,No
0.7474810762485455,-2.290142919741266,No
-1.2562804047194416,0.09591346294639488,No
2.29391214380474,-3.016144901572484,No
1.9685614390637214,-1.012896577801464,No
-1.195868131270171,-0.3666342245825591,Yes
0.2890370604170161,-0.3039494486132855,No
0.9178610931839373,1.3607071538924211,Yes
0.6746837770560279,0.6489194397387277,No
-1.918309808839838,0.01797092660490882,No
0.1859297993279987,0.4584773690745205,No
-0.6219919525052443,-1.6790678545069533,No
-1.5192193367481197,-0.5902248646592609,No
-1.3993407782366267,-1.5287140609689647,No
0.3375014682276645,0.18396426920192077,No
0.7483977840576416,0.22045548759533268,No
-0.3682465985161754,-0.4363412733944842,Yes
-0.043168506467850545,0.2727309059270507,Yes
-1.2447641086668748,-0.23289425775721226,No
-1.4719157887032972,-1.028204508294203,No
-0.7152602909543938,-1.357835228278212,No
4.154630672051214,1.284833846590392,No
0.18855459312853334,-1.2524611923032378,No
-1.9859952950502349,0.2872323211867309,Yes
1.2460054911249565,1.881190478366907,Yes
-0.4161924011361111,-0.7908369246755707,No
0.7726810814896189,2.8944500824704598,No
6.488968277520305,1.5695854099387356,No
-1.4239454646184606,0.678351701874805,No
5.130585677203846,-0.2475101085316488,No
0.8021052825901177,0.059096066091885335,No
0.6017135481669256,-1.2682244724610485,No
-0.29553356935385866,-1.060429690906325,No
-2.1348120415333334,2.441479554212289,No
-0.34517219355998935,1.231594421143628,No
-1.4478938157920624,0.24300847220113347,No
1.942626771266019,-2.572854755138184,No
-3.439229091165365,0.4101336356173953,No
-2.5831594170354006,-0.3506025851847074,Yes
-2.146331637922729,-0.2139528089280531,Yes
0.9954738320509896,1.9627326582931195,No
-1.0702931857046991,0.11594678075069989,No
0.8169428868737387,2.3002527625946816,No
-1.9776104568440975,0.4380163280547754,No
0.20985610058980098,1.8535387100331562,No
-1.928500638710941,-2.278049581522757,No
-0.6988503081002196,1.8045742200928083,No
-1.4536517377156613,-1.3787761862900287,No
1.6125277323722196,-0.23854799614845315,No
-2.155529233425659,0.5908456695317389,No
-0.6272592092534441,-0.48361953358001925,No
-1.9856178853555733,-1.7169219999528462,No
-0.7114972656434086,-1.982805010104321,Yes
4.492231647059944,-0.08283680634662571,No
0.22474046735834116,3.856565295286069,No
-2.958158531241918,-0.5067159840390876,No
5.387920816615157,-0.8002257651474025,No
6.203597667137085,-0.7929766524126592,No
-2.9241029640169143,2.533098722095487,Yes
1.2634264064013256,1.0361865119333868,Yes
-0.5111113136454394,1.3355610217142424,No
-0.9053082033301886,-1.4427912424033646,No
-0.13398480830533027,-0.05375317727602995,No
-2.869655521819213,0.19008332991149307,No
-2.9822751230595563,-0.44721153657305895,Yes
-3.2708035626927057,2.429781473805679,Yes
0.6155988695451885,0.6731895605385645,No
-0.3410437655590854,0.11718720216293593,No
-0.31941509953011493,-1.3344558088434544,No
-1.7281474782186574,-0.44740180129899093,No
-0.29274426621516575,0.8077508101697034,No
-1.5168071360653634,-0.5674385522014191,No
0.9238087710888945,0.5718153341765823,No
-0.535191502917643,2.3300888811784484,No
5.12413736712612,0.20553197331084322,No
-2.9123387456112613,-0.16004580739605348,No
-0.2544787663621532,0.7893352114528333,No
5.1073736783508465,0.03007698438699044,No
-0.8492564009477637,-1.2187779830089345,No
-1.7380746199756363,2.1542928882360926,Yes
-1.459372566208836,-0.5036551171761485,Yes
-0.7569706524534848,-0.19946810782954327,No
-0.14532108561364823,0.9659049948453224,No
2.67609196715999,-1.4677849678265724,No
-0.882992855817985,-0.7499938324667432,No
-1.1673010513330937,-0.991219939881235,No
-1.7553093603329322,-1.387842791022111,No
-0.32559319159052297,2.145407575276529,No
-0.43384712005101644,-1.7120022011388367,No
0.153040267197703,0.4514071055141082,No
-0.24547813236549665,0.4715220014131893,No
-2.944208159063457,0.060071291318791874,Yes
-0.7030951104592271,-0.671088664708355,No
-1.7836684491896515,-0.24201973578617134,No
2.1221920022213987,1.50079227030954,No
-1.257558952801648,-1.4325793749605737,Yes
1.099826726705638,-0.696790022275939,No
-1.0469409486855588,-2.2703480350717657,No
0.42580806900602947,2.891567783945053,No
1.61632830657381,1.0794776342595467,No
1.7993500351904734,-3.501955065997522,No
-1.902664800003733,-0.13611843082039207,Yes
-1.2239404668900824,0.08159397007987021,No
3.0188315821460017,-1.9218005484186926,No
-1.175585959182489,-1.767024229272523,No
-2.8939661142337316,-0.2781943907289388,Yes
-0.8565119971588849,-0.12572532390806918,No
-1.7374140505203182,0.5365881176884338,No
-1.7716131321919395,0.13206266417721654,No
-1.589437422610419,2.0187723586173343,No
1.0073006926044956,2.214653040390919,No
0.2521027004671718,-0.09985484023718867,No
-0.36504560925175467,1.127459386653959,No
-1.3719451083113392,-0.0486292669159817,No
-0.9321267735011971,-0.5008367367213324,No
0.8573424021400321,3.436612778605089,No
-2.0052576469643006,-0.5581700048381507,Yes
-1.5625499650380055,-1.3578837700671849,No
0.6001066279414168,0.06308459096648232,No
-0.5095339216452154,1.0255680298162078,No
-1.3316440835330057,0.21326584001797416,No
0.3051410286201392,0.30230086680516155,Yes
0.6958662146088774,-2.435690910076905,Yes
-0.40549840014819877,-1.1355053732489782,No
0.35668563062402353,2.6568894194603208,No
1.3888375218968505,0.7326689476541869,No
-1.3946551296153418,-0.6267263649476891,No
4.469996160456752,-1.996350520416038,No
-3.0108175354128974,-0.29270233115974137,No
4.33835655909835,0.6077484702479911,No
1.9685061088033462,0.7567797647635137,No
1.6902063829418117,1.8591897402397048,No
-0.17079997237029365,-1.2314419177232123,No
-1.6839712750009157,0.09193554704833523,No
-2.012765745450535,0.6159688244728481,No
1.2375253919537492,0.3826418810524597,No
1.5202021893538173,0.6910532383570209,No
-2.3463701172059275,-0.6155712134540029,No
-0.10302822620433179,1.0281445854019726,No
-2.193731880534062,0.012562592923541062,No
4.508805556992039,3.5775871085477466,No
-2.7129389261783485,-0.5103848066625095,No
2.0357954249621035,1.422433699913444,No
-2.2215062139443984,0.8469883348694616,No
0.6200134369736577,-0.2876031336301024,No
-0.5307221204066458,-1.1131788790665302,No
-1.295902202625289,1.3987110810836152,No
2.6521053094974283,1.2231716746976407,No
-1.607214202174933,-1.5976130488837388,No
-2.3020374499412783,0.1192683451593417,No
0.3275713888417943,1.0648071672460724,No
0.1081197653336398,0.9383964287267169,No
-1.4056476929934434,0.10621822400328253,No
-1.997561787857317,-1.3340520400850284,No
-1.989152025813657,0.10557312988690337,No
0.517705506484161,-0.1248337881509737,No
3.6385005116296725,0.835453120028255,No
2.187067948795071,1.108105305425711,No
2.9779153693328007,3.3922178388051982,No
-1.4512053202496586,2.5921125442750506,No
0.05429730375821567,-0.34922304500055196,No
-1.2996629025184274,-1.3149698520133624,No
-2.6601198512154434,0.12722066902269358,No
1.8945727646069401,-2.2786650827545873,No
-3.0147242795378593,0.5702720709131418,Yes
0.7007473976475658,0.8325786412845922,No
-0.5777961325472633,-1.662399462464615,No
2.0682177268623723,2.264250532366109,No
-1.6138742401562869,-1.276341493855931,Yes
5.031584568848099,-0.8517698449575231,No
1.6533037298758397,-0.483168335717464,Yes
3.2939545125508807,2.507850518120131,No
0.1936018321514787,2.535978476070088,No
2.679150975464841,4.493031630216098,No
0.06959509137080855,-1.0644459536940478,No
-1.953948286585922,-0.1632807146129826,No
0.27232900800174303,-0.16763022737340996,No
0.5388016921078589,0.40933040139014915,No
-0.05387529800902812,-2.526103315887222,Yes
-0.9255205919555809,-1.1943436989566054,No
-0.6986017015019576,-1.6939167332661977,No
-1.4158072115136084,-0.659889764419984,No
-0.5153934227423596,-0.6996987862825728,No
-0.7469179569385797,-0.8887591896124605,No
-1.7414822294010455,-0.28476597361438033,No
-1.1733459523758478,-0.526964757550427,No
-1.5081059027816472,0.3707615457837899,No
0.7276771099740126,-2.038828871476155,Yes
3.527610204270503,0.9248100926934905,No
0.18057112926965438,0.9674143021836696,No
-2.326705497613125,0.42353741714029297,No
-0.7576963342605103,-0.35890554523100104,No
0.8260705883831959,0.04477351543050995,No
-1.2529616180505614,1.7705139932823795,No
0.9783142811007365,-0.504802115695403,No
-1.2069685250744437,-0.5187711387651159,No
