Age,DailyRate,DistanceFromHome,EnvironmentSatisfaction,JobInvolvement,JobLevel,JobSatisfaction,MonthlyIncome,StockOptionLevel,TotalWorkingYears,TrainingTimesLastYear,WorkLifeBalance,YearsAtCompany,YearsInCurrentRole,YearsWithCurrManager,Attrition
41,1102,1,2,3,2,4,5993,0,8,0,1,6,4,5,Yes
49,279,8,3,2,2,2,5130,1,10,3,3,10,7,7,No
37,1373,2,4,2,1,3,2090,0,7,3,3,0,0,0,Yes
33,1392,3,4,3,1,3,2909,0,8,3,3,8,7,0,No
27,591,2,1,3,1,2,3468,1,6,3,3,2,2,2,No
32,1005,2,4,3,1,4,3068,0,8,2,2,7,7,6,No
59,1324,3,3,4,1,1,2670,3,12,3,2,1,0,0,No
30,1358,24,4,3,1,3,2693,1,1,2,3,1,0,0,No
38,216,23,4,2,3,3,9526,0,10,2,3,9,7,8,No
36,1299,27,3,3,2,3,5237,2,17,3,2,7,7,7,No
35,809,16,1,4,1,2,2426,1,6,5,3,5,4,3,No
29,153,15,4,2,2,3,4193,0,10,3,3,9,5,8,No
31,670,26,1,3,1,3,2911,1,5,1,2,5,2,3,No
34,1346,19,2,3,1,4,2661,1,3,2,3,2,2,2,No
28,103,24,3,2,1,3,2028,0,6,4,3,4,2,3,Yes
29,1389,21,2,4,3,1,9980,1,10,1,3,10,9,8,No
32,334,5,1,4,1,2,3298,2,7,5,2,6,2,5,No
22,1123,16,4,4,1,4,2935,2,1,2,2,1,0,0,No
53,1219,2,1,2,4,4,15427,0,31,3,3,25,8,7,No
38,371,2,4,3,1,4,3944,0,6,3,3,3,2,2,No
24,673,11,1,4,2,3,4011,1,5,5,2,4,2,3,No
36,1218,9,3,2,1,1,3407,0,10,4,3,5,3,3,Yes
34,419,7,1,3,3,2,11994,0,13,4,3,12,6,11,No
21,391,15,3,3,1,4,1232,0,0,6,3,0,0,0,No
34,699,6,2,3,1,1,2960,0,8,2,3,4,2,3,Yes
53,1282,5,3,3,5,3,19094,1,26,3,2,14,13,8,No
32,1125,16,2,1,1,1,3919,0,10,5,3,10,2,7,Yes
42,691,8,3,3,2,2,6825,1,10,2,3,9,7,2,No
44,477,7,1,2,3,4,10248,1,24,4,3,22,6,17,No
46,705,2,2,3,5,1,18947,0,22,2,2,2,2,1,No
33,924,2,3,3,1,4,2496,0,7,3,3,1,1,0,No
44,1459,10,4,3,2,4,6465,0,9,5,4,4,2,3,No
30,125,9,4,2,1,3,2206,0,10,5,3,10,0,8,No
39,895,5,4,3,2,4,2086,1,19,6,4,1,0,0,Yes
24,813,1,2,3,1,4,2293,1,6,2,2,2,0,0,Yes
43,1273,2,4,4,1,3,2645,2,6,3,2,5,3,4,No
50,869,3,1,2,1,3,2683,0,3,2,3,3,2,2,Yes
35,890,2,4,3,1,4,2014,0,2,3,3,2,2,2,No
36,852,5,2,2,1,1,3419,1,6,3,4,1,1,0,No
33,1141,1,3,4,2,1,5376,2,10,3,3,5,3,3,No
35,464,4,3,3,1,4,1951,1,1,3,3,1,0,0,No
27,1240,2,4,3,1,1,2341,1,1,6,3,1,0,0,No
26,1357,25,1,1,1,3,2293,0,1,2,2,1,0,1,Yes
27,994,8,4,3,3,3,8726,0,9,0,3,9,8,7,No
30,721,1,3,3,2,4,4011,0,12,2,3,12,8,7,No
41,1360,12,2,3,5,3,19545,0,23,0,3,22,15,8,Yes
34,1065,23,2,3,2,3,4568,0,10,2,3,9,5,7,No
37,408,19,2,3,1,2,3022,0,8,1,3,1,0,0,No
46,1211,5,1,3,2,4,5772,0,14,4,3,9,6,8,No
35,1229,8,4,4,1,4,2269,0,1,2,3,1,0,1,No
48,626,1,1,2,3,3,5381,0,23,2,3,1,0,0,Yes
28,1434,5,3,3,1,3,3441,0,2,3,2,2,2,2,Yes
44,1488,1,2,3,2,1,5454,1,9,2,2,4,3,3,No
35,1097,11,3,2,3,1,9884,1,10,3,3,4,0,3,No
26,1443,23,3,2,2,4,4157,1,5,2,2,2,2,0,No
33,515,1,1,3,3,4,13458,0,15,1,3,15,14,12,No
35,853,18,2,3,3,1,9069,1,9,3,2,9,8,8,No
35,1142,23,3,3,1,1,4014,1,4,3,3,2,2,2,No
31,655,7,4,3,2,4,5915,1,10,3,2,7,7,7,No
37,1115,1,1,2,2,3,5993,1,7,2,4,7,5,7,No
32,427,1,1,3,2,4,6162,1,9,3,3,9,8,8,No
38,653,29,4,3,2,4,2406,0,10,2,3,10,3,9,No
50,989,7,2,2,5,3,18740,1,29,2,2,27,3,8,No
59,1435,25,1,3,3,1,7637,0,28,3,2,21,16,9,No
36,1223,8,3,3,3,3,10096,3,17,2,3,17,14,8,No
55,836,8,4,3,4,3,14756,3,21,2,3,5,0,2,No
36,1195,11,2,2,2,2,6499,0,6,3,3,6,5,3,No
45,1339,7,2,3,3,1,9724,1,25,2,3,1,0,0,No
35,664,1,2,3,1,1,2194,1,5,2,2,3,2,2,No
36,318,9,4,2,1,3,3388,1,2,0,2,1,0,0,Yes
59,1225,1,1,2,2,3,5473,0,20,2,2,4,3,3,No
29,1328,2,3,3,1,2,2703,1,6,3,3,5,4,4,No
31,1082,1,3,3,1,2,2501,0,1,4,3,1,1,0,No
32,548,1,2,3,2,2,6220,2,10,3,3,10,4,9,No
36,132,6,2,4,1,4,3038,0,5,3,3,1,0,0,No
31,746,8,3,3,2,4,4424,0,11,2,3,11,7,8,No
35,776,1,3,2,2,1,4312,0,16,2,3,15,13,8,No
45,193,6,4,3,3,1,13245,0,17,3,4,0,0,0,No
37,397,7,1,3,3,3,13664,0,16,3,4,5,2,2,No
46,945,5,2,3,2,2,5021,1,16,2,3,4,2,2,No
30,852,1,4,2,2,4,5126,2,10,1,2,10,8,0,No
35,1214,1,2,2,1,3,2859,0,6,3,3,6,4,4,No
55,111,1,1,3,3,4,10239,1,24,4,3,1,0,0,No
38,573,6,2,1,2,4,5329,3,17,3,3,13,11,9,No
34,1153,1,1,3,2,2,4325,0,5,2,3,5,2,3,No
56,1400,7,4,1,3,4,7260,0,37,3,2,6,4,2,No
23,541,2,3,3,1,1,2322,1,3,3,3,0,0,0,No
51,432,9,4,3,1,4,2075,2,10,4,3,4,2,3,No
30,288,2,3,2,2,4,4152,3,11,3,3,11,10,8,No
46,669,9,3,2,3,4,9619,0,9,3,3,9,8,7,Yes
40,530,1,3,2,4,2,13503,1,22,3,2,22,3,11,No
51,632,21,3,3,2,4,5441,0,11,2,1,10,7,0,No
30,1334,4,3,2,2,2,5209,3,11,4,2,11,8,7,No
46,638,1,3,2,3,1,10673,1,21,5,2,10,9,5,No
32,1093,6,2,3,2,3,5010,0,12,0,3,11,8,7,No
54,1217,2,1,3,3,3,13549,1,16,5,1,4,3,3,No
24,1353,3,1,3,2,3,4999,1,4,2,2,3,2,2,No
28,120,4,2,3,2,3,4221,0,5,3,4,5,4,4,No
58,682,10,4,3,4,3,13872,0,38,1,2,37,10,8,No
44,489,23,2,3,2,2,2042,1,17,3,4,3,2,2,No
37,807,6,3,3,1,1,2073,0,7,3,3,3,2,2,Yes
32,827,1,4,3,1,1,2956,0,1,2,3,1,0,0,No
20,871,6,4,2,1,4,2926,0,1,5,3,1,0,0,Yes
34,665,6,1,3,2,3,4809,0,16,3,3,16,13,10,No
37,1040,2,3,2,2,4,5163,1,17,2,4,1,0,0,No
59,1420,2,3,2,5,4,18844,1,30,3,3,3,2,2,No
50,1115,1,1,3,5,2,18172,0,28,1,2,8,3,7,No
25,240,5,3,2,2,3,5744,0,6,1,3,6,4,3,Yes
25,1280,7,4,2,1,4,2889,2,2,2,3,2,2,1,No
22,534,15,2,3,1,4,2871,0,1,5,3,0,0,0,No
51,1456,1,1,2,3,1,7484,0,23,1,2,13,12,8,No
34,658,7,1,1,2,3,6074,0,9,3,3,9,7,6,Yes
54,142,26,4,4,4,4,17328,0,23,3,3,5,3,4,No
24,1127,18,2,3,1,3,2774,1,6,2,3,5,3,2,No
34,1031,6,3,2,2,2,4505,1,12,3,3,1,0,0,No
37,1189,3,3,3,3,4,7428,0,12,3,3,5,3,3,No
34,1354,5,3,2,3,1,11631,0,14,6,3,11,10,8,No
36,1467,11,2,3,3,4,9738,1,10,6,3,9,7,8,No
36,922,3,1,3,1,4,2835,1,7,2,3,1,0,0,No
43,394,26,3,3,4,4,16959,2,25,3,4,25,12,12,No
30,1312,23,1,1,1,3,2613,3,10,2,2,10,7,9,No
33,750,22,3,3,2,2,6146,1,8,2,4,7,7,7,No
56,441,14,2,3,1,2,4963,3,7,2,3,5,4,3,Yes
51,684,6,1,3,5,3,19537,0,23,5,3,20,18,15,No
31,249,6,2,1,2,3,6172,0,12,3,2,7,7,7,Yes
26,841,6,3,2,1,2,2368,0,5,3,2,5,4,3,No
58,147,23,4,3,3,4,10312,1,40,3,2,40,10,6,Yes
19,528,22,4,3,1,3,1675,0,0,2,2,0,0,0,Yes
22,594,2,3,3,1,4,2523,1,3,2,3,2,1,1,No
49,470,20,3,3,2,1,6567,0,16,2,2,15,11,11,No
43,957,28,2,4,1,3,4739,0,18,2,3,3,2,2,No
50,809,12,3,3,3,4,9208,0,16,3,3,2,2,1,No
31,542,20,2,1,2,3,4559,1,4,2,3,2,2,2,Yes
41,802,9,3,3,3,3,8189,1,12,2,3,9,7,7,No
26,1355,25,3,3,1,3,2942,1,8,3,3,8,7,7,No
36,216,6,2,3,2,2,4941,2,7,0,3,3,2,1,No
51,1150,8,1,1,3,4,10650,0,18,2,3,4,2,3,Yes
39,1329,4,4,2,2,3,5902,1,17,1,4,15,11,9,No
25,959,28,1,2,2,3,8639,0,6,3,3,2,2,2,No
30,1240,9,3,3,2,4,6347,0,12,2,1,11,9,7,No
32,1033,9,1,3,1,1,4200,0,10,2,4,5,4,4,Yes
45,1316,29,3,3,1,4,3452,0,9,2,2,6,5,3,No
38,364,3,4,3,2,3,4317,0,19,2,3,3,2,2,No
30,438,18,1,3,1,3,2632,0,5,4,2,5,4,4,No
32,689,9,4,1,2,4,4668,3,9,2,4,8,7,7,No
30,201,5,4,3,1,1,3204,1,8,3,3,3,2,2,No
30,1427,2,2,2,1,4,2720,0,6,3,3,5,3,2,No
41,857,10,4,2,4,1,17181,1,21,2,2,7,6,7,No
41,933,9,3,3,1,1,2238,1,7,2,3,5,0,4,No
19,1181,3,2,3,1,2,1483,0,1,3,3,1,0,0,No
40,1395,26,2,3,2,2,5605,1,20,2,3,20,7,13,No
35,662,1,3,3,3,2,7295,2,10,3,3,10,8,6,No
53,1436,6,2,3,2,3,2306,1,13,3,1,7,7,5,No
45,194,9,2,3,2,2,2348,1,20,2,1,17,9,15,No
32,967,8,2,3,3,4,8998,0,9,2,3,9,8,7,No
29,1496,1,4,3,2,3,4319,1,10,1,3,10,7,9,No
51,1169,7,2,2,2,3,6132,0,10,2,3,1,0,0,No
58,1145,9,2,2,1,2,3346,1,9,3,2,1,0,0,No
40,630,4,3,2,3,4,10855,1,15,2,2,12,11,11,No
34,303,2,3,3,1,3,2231,1,6,3,3,4,3,2,No
22,1256,19,3,3,1,4,2323,2,2,6,3,2,2,2,No
27,691,9,4,3,1,2,2024,1,6,1,1,2,2,2,No
28,440,21,3,3,1,4,2713,1,5,2,1,5,2,2,No
57,334,24,3,4,3,4,9439,1,12,2,1,5,3,4,No
27,1450,3,3,2,1,3,2566,1,1,2,2,1,1,1,No
50,1452,11,3,3,5,2,19926,0,21,5,3,5,4,4,No
41,465,14,1,3,1,3,2451,1,13,2,3,9,8,8,No
30,1339,5,2,3,3,4,9419,1,12,2,3,10,9,4,No
38,702,1,1,2,2,4,8686,0,12,2,4,8,3,7,No
32,120,6,3,3,1,3,3038,0,8,2,3,5,4,4,No
27,1157,17,3,3,1,2,3058,1,6,3,2,5,2,1,No
19,602,1,3,1,1,1,2325,0,1,5,4,0,0,0,Yes
36,1480,3,4,3,1,2,2088,0,13,3,2,8,7,2,No
30,111,9,3,3,2,1,3072,2,12,4,3,12,9,10,No
45,1268,4,3,3,2,1,5006,1,9,3,4,5,4,3,No
56,713,8,3,3,1,1,4257,1,19,3,3,2,2,2,No
33,134,2,3,3,1,4,2500,0,4,2,4,3,1,2,No
19,303,2,2,2,1,4,1102,0,1,3,2,1,0,0,Yes
46,526,1,2,3,3,1,10453,3,24,2,3,24,13,7,No
38,1380,9,3,3,1,4,2288,0,2,3,3,2,2,1,No
31,140,12,3,3,1,4,3929,1,7,0,3,4,2,2,No
34,629,27,4,3,1,2,2311,0,9,3,3,3,2,2,No
41,1356,20,2,3,1,2,3140,0,4,5,2,4,3,2,Yes
50,328,1,3,2,1,3,3690,1,5,2,2,3,2,2,No
53,1084,13,4,4,2,1,4450,2,5,3,3,4,2,3,No
33,931,14,4,3,1,2,2756,1,8,5,3,8,7,6,No
40,989,4,4,3,5,3,19033,1,21,2,3,20,8,9,No
55,692,14,3,4,5,2,18722,0,36,3,3,24,15,15,No
34,1069,2,4,2,2,3,9547,0,10,2,2,10,9,9,No
51,313,3,4,3,4,2,13734,0,21,6,3,7,7,0,No
52,699,1,3,2,5,3,19999,1,34,5,3,33,18,9,No
27,894,9,4,3,1,2,2279,0,7,2,2,7,7,3,No
35,556,23,2,2,2,3,5916,0,8,1,3,1,0,1,Yes
43,1344,7,4,4,1,4,2089,3,7,3,4,5,4,2,No
45,1195,2,1,2,4,4,16792,1,22,1,3,20,8,8,No
37,290,21,2,4,1,1,3564,1,8,3,2,8,7,7,No
35,138,2,2,3,2,2,4425,0,10,5,3,6,2,2,No
42,926,21,3,3,2,3,5265,1,11,5,3,5,3,2,No
38,1261,2,4,3,2,3,6553,0,14,3,3,1,0,0,No
38,1084,29,4,3,2,4,6261,1,9,3,1,7,7,7,No
27,472,1,3,2,2,1,4298,1,6,1,3,2,2,0,No
49,1002,18,4,3,2,4,6804,2,7,0,3,7,7,7,No
34,878,10,4,3,1,3,3815,1,5,4,4,5,3,0,No
40,905,19,3,3,2,4,2741,1,15,2,4,7,2,7,No
38,1180,29,2,3,2,1,6673,0,17,2,3,1,0,0,Yes
29,121,27,2,3,3,4,7639,3,10,3,2,10,4,9,Yes
22,1136,5,4,4,1,2,2328,1,4,2,2,4,2,2,No
36,635,18,2,3,1,4,2153,0,8,2,3,8,1,7,No
40,1151,9,4,2,2,4,4876,1,5,5,1,3,2,2,No
46,644,1,4,3,3,1,9396,1,17,3,3,4,2,3,No
32,1045,4,4,1,3,4,10400,0,14,2,2,14,8,8,Yes
30,829,1,3,2,3,3,8474,0,12,2,3,11,8,8,No
27,1242,20,4,3,2,3,9981,0,7,2,3,7,7,7,No
51,1469,8,2,2,3,2,12490,2,16,5,1,10,9,7,No
30,1005,3,4,3,1,1,2657,0,8,5,3,5,2,4,Yes
41,896,6,4,3,3,4,13591,0,16,3,3,1,0,0,No
30,334,26,3,2,2,1,6696,0,9,5,2,6,3,1,Yes
29,992,1,3,3,1,3,2058,0,7,1,2,6,2,5,Yes
45,1052,6,4,2,3,4,8865,0,23,2,3,19,7,8,No
54,1147,3,4,3,2,1,5940,1,16,4,3,6,2,5,No
36,1396,5,4,3,2,2,5914,0,16,3,4,13,11,7,No
33,147,4,3,2,1,2,2622,0,7,3,3,3,2,1,No
37,663,11,2,3,3,4,12185,3,10,1,3,10,8,7,No
38,119,3,1,3,3,3,10609,2,17,6,2,16,10,13,No
31,979,1,3,1,2,3,4345,1,6,2,3,5,4,4,No
59,142,3,3,2,1,4,2177,1,7,6,3,1,0,0,No
37,319,4,1,3,1,4,2793,1,13,2,3,9,8,8,No
29,1413,1,2,3,3,4,7918,1,11,5,3,11,10,1,No
35,944,1,3,3,3,3,8789,0,10,3,4,10,7,8,No
29,896,18,3,2,1,4,2389,0,4,3,2,4,3,1,Yes
52,1323,2,3,2,1,4,3212,0,6,3,2,2,2,2,No
42,532,4,3,3,5,4,19232,0,22,3,3,22,17,15,No
59,818,6,2,3,1,3,2267,0,7,2,2,2,2,2,No
50,854,1,4,3,5,4,19517,1,32,3,2,7,0,6,No
33,813,14,3,3,1,4,2436,1,8,2,1,5,4,4,Yes
43,1034,16,4,3,4,4,16064,1,22,3,3,17,13,9,No
33,465,2,1,3,1,1,2707,0,13,3,4,9,7,7,Yes
52,771,2,1,2,5,3,19068,0,33,2,4,33,7,12,No
32,1401,4,3,3,1,2,3931,1,6,5,3,4,3,2,No
32,515,1,4,2,1,3,3730,0,4,2,1,3,2,2,Yes
39,1431,1,3,3,1,3,2232,3,7,1,3,3,2,2,No
32,976,26,3,3,2,4,4465,0,4,2,3,3,2,2,No
41,1411,19,3,3,2,1,3072,2,17,2,2,1,0,0,No
40,1300,24,1,3,2,4,3319,2,9,3,3,9,8,7,No
45,252,1,3,4,5,4,19202,1,25,2,3,24,0,7,No
31,1327,3,2,3,3,3,13675,1,9,3,3,2,2,2,No
33,832,5,3,2,1,4,2911,1,2,2,2,2,2,2,No
34,470,2,4,2,2,1,5957,1,13,3,3,11,9,9,No
37,1017,1,3,2,1,1,3920,1,17,2,2,3,1,2,No
45,1199,7,1,4,2,3,6434,1,9,1,3,3,2,2,No
37,504,10,1,3,3,3,10048,2,17,5,3,1,0,0,Yes
39,505,2,3,3,3,3,10938,0,20,1,3,19,6,8,No
29,665,15,3,3,1,4,2340,0,6,1,3,6,5,5,No
42,916,17,4,4,2,1,6545,0,10,1,3,3,2,2,No
29,1247,20,4,3,2,4,6931,1,10,2,3,3,2,2,No
25,685,1,1,3,2,3,4898,2,5,3,3,4,2,2,No
42,269,2,4,2,1,1,2593,1,10,4,3,9,6,8,No
40,1416,2,1,3,5,3,19436,1,22,5,3,21,7,9,No
51,833,1,3,3,1,4,2723,0,1,0,2,1,0,0,No
31,307,29,3,2,1,2,3479,0,6,2,4,5,4,4,Yes
32,1311,7,2,4,1,2,2794,0,5,3,1,5,1,3,No
38,1327,2,4,2,2,4,5249,1,13,0,3,8,7,5,No
32,128,2,4,2,2,1,2176,0,9,5,3,6,2,4,No
46,488,2,3,1,4,2,16872,1,28,2,2,7,7,7,No
28,529,2,1,3,1,3,3485,0,5,5,1,0,0,0,Yes
29,1210,2,1,2,2,2,6644,2,10,2,3,0,0,0,No
31,1463,23,2,2,2,4,5582,1,10,2,3,9,0,8,No
25,675,5,2,4,2,1,4000,2,6,2,3,6,3,5,No
45,1385,20,3,3,4,4,13496,0,21,2,3,20,7,10,No
36,1403,6,4,3,1,4,3210,1,16,4,3,15,13,11,No
55,452,1,4,3,5,1,19045,0,37,2,3,36,10,13,No
47,666,29,1,3,3,2,11849,1,10,2,2,10,7,9,Yes
28,1158,9,4,3,1,4,2070,1,5,3,2,5,2,4,No
37,228,6,3,3,2,4,6502,1,7,5,4,5,4,1,No
21,996,3,4,2,1,3,3230,0,3,4,4,3,2,0,No
37,728,1,1,3,3,4,13603,2,15,2,3,5,2,2,No
35,1315,22,2,4,3,2,11996,1,10,6,2,7,7,2,No
38,322,7,1,4,2,1,5605,1,8,3,3,8,0,7,No
26,1479,1,3,3,2,2,6397,1,6,6,1,6,5,4,No
50,797,4,1,3,5,2,19144,2,28,4,2,10,4,6,No
53,1070,3,3,3,4,3,17584,3,21,5,2,5,3,3,No
42,635,1,2,3,2,3,4907,0,20,3,3,20,16,6,No
29,442,2,2,3,2,4,4554,0,10,3,2,10,7,9,No
55,147,20,2,3,2,4,5415,1,12,4,3,10,7,8,No
26,496,11,1,3,2,1,4741,1,5,3,3,5,3,3,No
37,1372,1,4,3,1,4,2115,0,17,3,3,17,12,7,No
44,920,24,4,3,1,3,3161,1,19,0,1,1,0,0,Yes
38,688,23,4,3,2,4,5745,1,10,2,3,2,2,2,No
26,1449,16,1,3,1,2,2373,1,5,2,3,3,2,2,Yes
28,1117,8,4,3,1,4,3310,0,5,3,3,5,3,2,No
49,636,10,3,3,5,1,18665,0,22,4,3,3,2,2,No
36,506,3,3,3,2,2,4485,0,10,2,3,8,0,7,No
31,444,5,4,3,1,2,2789,1,2,5,2,2,2,2,No
26,950,4,4,2,2,4,5828,0,8,0,3,8,7,4,Yes
37,889,9,2,3,1,4,2326,3,4,3,2,4,2,2,No
42,555,26,3,3,4,2,13525,1,23,2,4,20,4,8,No
18,230,3,3,3,1,3,1420,0,0,2,3,0,0,0,Yes
35,1232,16,3,3,3,2,8020,2,12,3,2,11,9,9,No
36,566,18,3,4,1,4,3688,2,4,2,3,1,0,0,No
51,1302,2,4,1,2,2,5482,1,13,3,3,4,1,2,No
41,334,2,4,3,4,2,16015,0,22,2,3,22,10,4,No
18,812,10,4,2,1,3,1200,0,0,2,3,0,0,0,No
28,1476,16,2,4,2,1,5661,0,9,2,3,8,3,7,No
31,218,7,2,4,2,4,6929,1,10,3,2,8,7,7,No
39,1132,1,3,4,3,4,9613,3,19,5,2,18,10,7,No
36,1105,24,2,3,2,2,5674,1,11,3,3,9,8,8,No
32,906,7,4,2,2,3,5484,1,13,3,2,13,8,8,No
38,849,25,1,2,3,2,12061,1,19,2,3,10,8,1,No
58,390,1,4,1,2,3,5660,1,12,2,3,5,3,2,No
31,691,5,3,3,1,4,4821,1,6,4,3,5,2,3,No
31,106,2,1,2,2,1,6410,0,9,1,3,2,2,0,No
45,1249,7,1,3,3,1,5210,1,24,2,3,24,9,11,No
31,192,2,3,3,1,4,2695,1,3,2,1,2,2,2,No
33,553,5,4,3,3,2,11878,2,12,2,3,10,6,8,No
39,117,10,3,3,4,1,17068,0,21,3,3,21,9,10,No
43,185,10,3,3,1,4,2455,0,9,5,3,8,7,7,No
49,1091,1,3,2,4,3,13964,0,25,2,3,7,1,7,No
52,723,8,3,2,2,2,4941,0,11,3,2,8,2,7,Yes
27,1220,5,3,3,1,2,2478,0,4,2,2,4,3,2,No
32,588,8,3,2,2,2,5228,0,13,2,3,13,12,9,No
27,1377,2,4,3,2,3,4478,0,5,3,3,5,4,4,No
31,691,7,4,3,2,4,7547,3,13,3,3,7,7,7,No
32,1018,2,1,4,2,4,5055,0,10,0,2,7,7,7,No
28,1157,2,1,1,1,4,3464,0,5,4,2,3,2,2,Yes
30,1275,28,4,3,2,4,5775,2,11,2,3,10,8,9,No
31,798,7,3,2,3,3,8943,1,10,2,3,10,9,9,No
39,672,7,3,2,5,4,19272,1,21,2,3,21,9,3,No
39,1162,3,4,3,2,3,5238,0,12,3,2,1,0,0,Yes
33,508,10,2,2,2,4,4682,0,9,6,2,7,7,1,No
47,1482,5,4,3,5,3,18300,1,21,2,3,3,2,1,No
43,559,10,3,2,2,3,5257,1,9,3,4,9,7,0,No
27,210,1,3,3,2,2,6349,1,6,0,3,5,4,4,No
54,928,20,4,3,2,3,4869,0,20,4,2,4,3,3,No
43,1001,7,3,3,3,1,9985,1,10,1,2,1,0,0,No
45,549,8,4,3,2,4,3697,2,12,3,3,10,9,8,No
40,1124,1,2,1,2,4,7457,3,6,2,2,4,3,2,No
29,318,8,2,1,1,1,2119,0,7,4,2,7,7,7,Yes
29,738,9,2,2,1,4,3983,0,4,2,3,3,2,2,No
30,570,5,4,2,2,3,6118,3,10,2,3,10,9,2,No
27,1130,8,2,3,2,2,6214,1,8,3,3,8,7,7,No
37,1192,5,4,3,2,4,6347,2,8,2,2,6,2,4,No
38,343,15,3,2,3,4,11510,1,12,3,3,11,10,9,No
31,1232,7,3,3,3,4,7143,0,11,2,2,11,9,10,No
29,144,10,4,2,2,2,8268,2,7,2,3,7,7,7,No
35,1296,5,3,3,3,2,8095,0,17,5,3,16,6,13,No
23,1309,26,3,3,1,4,2904,2,4,2,2,4,2,2,No
41,483,6,4,2,2,2,6032,0,8,3,3,5,4,2,No
47,1309,4,2,3,2,3,2976,0,5,3,3,0,0,0,No
42,810,23,1,3,4,4,15992,0,16,2,3,1,0,0,No
29,746,2,4,3,2,3,4649,1,4,3,2,4,3,2,No
42,544,2,3,3,1,3,2696,1,4,5,3,3,2,0,No
32,1062,2,3,3,1,2,2370,1,8,4,3,8,0,7,No
48,530,29,1,3,3,3,12504,1,15,3,1,0,0,0,No
37,1319,6,3,4,2,1,5974,2,13,2,3,7,7,7,No
30,641,25,4,3,2,3,4736,1,4,2,4,2,2,2,No
26,933,1,3,3,2,3,5296,1,8,3,3,8,7,7,No
42,1332,2,1,2,2,4,6781,0,14,6,3,1,0,0,No
21,756,1,1,2,1,2,2174,0,3,3,3,3,2,2,Yes
36,845,1,4,3,2,4,6653,0,7,6,3,1,0,0,No
36,541,3,1,2,3,4,9699,1,16,2,3,13,9,12,No
57,593,1,4,3,2,3,6755,0,15,2,3,3,2,2,No
40,1171,10,4,4,1,3,2213,1,10,3,3,7,7,7,No
21,895,9,1,3,1,4,2610,0,3,3,2,3,2,2,No
33,350,5,4,3,1,3,2851,0,1,2,3,1,0,0,Yes
37,921,10,3,3,1,1,3452,1,17,3,3,5,4,3,No
46,1144,7,3,3,2,3,5258,0,7,2,4,1,0,0,No
41,143,4,1,3,2,2,9355,0,8,5,3,8,7,7,Yes
50,1046,10,4,2,3,4,10496,0,20,2,3,4,3,3,No
40,575,22,3,2,2,3,6380,2,8,6,3,6,4,0,Yes
31,408,9,3,2,1,2,2657,0,3,5,3,2,2,2,No
21,156,12,3,4,1,2,2716,0,1,0,3,1,0,0,Yes
29,1283,23,4,3,1,4,2201,0,6,4,3,3,2,2,No
35,755,9,3,2,2,2,6540,0,10,5,3,1,1,0,No
27,1469,1,4,3,1,2,3816,1,5,2,3,5,2,4,No
28,304,9,2,3,2,4,5253,0,7,1,3,7,5,7,No
49,1261,7,2,2,3,3,10965,0,26,2,3,5,2,0,No
51,1178,14,3,3,2,4,4936,1,18,2,2,7,7,7,No
36,329,2,4,3,1,3,2543,1,6,3,3,2,2,2,No
34,1362,19,1,4,2,4,5304,0,9,3,2,5,2,4,Yes
55,1311,2,3,3,4,4,16659,0,30,2,3,5,4,2,No
24,1371,10,4,3,2,3,4260,1,5,2,4,5,2,3,No
30,202,2,3,3,1,2,2476,1,1,3,3,1,0,0,No
26,575,3,3,3,1,1,3102,0,7,2,3,6,4,4,Yes
22,253,11,1,3,1,2,2244,1,2,1,3,2,1,2,No
36,164,2,2,2,3,3,7596,2,10,2,3,10,9,0,No
30,464,4,3,3,1,4,2285,0,3,4,3,1,0,0,Yes
37,1107,14,4,3,1,1,3034,1,18,2,2,18,7,17,No
40,759,2,4,3,2,2,5715,2,8,5,3,5,4,3,No
42,201,1,2,3,1,1,2576,1,8,5,3,5,2,2,No
37,1305,10,3,3,2,2,4197,0,18,2,2,1,0,1,No
43,982,12,1,2,4,2,14336,1,25,3,3,25,10,9,No
40,555,2,2,2,2,3,3448,1,20,3,3,1,0,0,No
54,821,5,1,3,5,1,19406,1,24,4,2,4,2,2,No
34,1381,4,3,3,2,3,6538,1,6,3,3,3,2,2,No
31,480,7,2,3,2,1,4306,1,13,5,1,13,10,12,No
43,313,21,4,3,1,4,2258,1,8,1,3,3,2,2,No
43,1473,8,3,3,2,3,4522,0,8,3,3,5,2,2,No
25,891,4,2,2,2,4,4487,0,5,3,3,5,4,3,No
37,1063,25,2,3,2,3,4449,2,15,2,3,13,11,7,No
31,329,1,4,2,1,1,2218,1,4,3,3,4,2,2,No
39,1218,1,2,3,5,3,19197,1,21,3,3,21,8,6,No
56,906,6,3,4,4,1,13212,3,36,0,2,7,7,7,No
30,1082,12,2,3,2,3,6577,0,6,6,3,5,4,4,No
41,645,1,2,4,3,1,8392,1,10,2,3,10,7,7,No
28,1300,17,3,3,2,1,4558,1,10,2,3,10,0,8,No
25,688,3,1,3,1,1,4031,1,6,5,3,2,2,2,Yes
52,319,3,4,2,3,3,7969,0,28,4,3,5,4,4,No
45,192,10,1,3,1,4,2654,2,8,3,2,2,2,2,No
52,1490,4,4,3,4,4,16555,0,31,2,1,5,2,4,No
42,532,29,1,3,2,3,4556,1,19,3,3,5,4,2,No
30,317,2,3,1,2,4,6091,0,11,2,3,5,4,2,No
60,422,7,1,3,5,1,19566,0,33,5,1,29,8,10,No
46,1485,18,3,3,2,3,4810,1,19,5,2,10,7,8,No
42,1368,28,4,2,2,4,4523,3,7,4,4,6,5,4,No
24,1448,1,1,3,1,2,3202,0,6,4,3,5,3,4,Yes
34,296,6,4,1,1,3,2351,1,3,3,2,2,2,0,Yes
38,1490,2,4,3,1,4,1702,1,1,3,3,1,0,0,No
40,1398,2,3,3,5,3,18041,0,21,2,3,20,15,12,No
26,1349,23,1,3,1,4,2886,2,3,3,1,3,2,2,No
30,1400,3,3,3,1,4,2097,1,9,3,1,5,3,4,No
29,986,3,2,2,3,3,11935,0,10,2,3,10,2,7,No
29,408,25,3,2,1,2,2546,0,6,2,4,2,2,1,Yes
19,489,2,1,2,1,4,2564,0,1,3,4,1,0,0,Yes
30,1398,22,3,3,3,1,8412,0,10,3,3,9,8,8,No
57,210,29,1,2,4,4,14118,1,32,3,2,1,0,0,No
50,1099,29,2,2,4,3,17046,1,28,2,3,27,10,7,No
30,1116,2,3,3,1,4,2564,0,12,2,2,11,7,7,No
60,1499,28,3,2,3,1,10266,0,22,5,4,18,13,11,No
47,983,2,1,3,2,4,5070,3,20,2,3,5,0,4,No
46,1009,2,1,3,4,3,17861,0,26,2,1,3,2,1,No
35,144,22,4,1,1,3,4230,0,6,2,3,5,4,3,No
54,548,8,3,3,2,3,3780,0,19,3,3,1,0,0,No
34,1303,2,4,2,1,3,2768,1,14,3,3,7,3,7,No
46,1125,10,3,2,3,4,9071,1,15,3,3,3,2,2,No
31,1274,9,3,3,3,2,10648,1,13,6,4,13,8,8,No
33,1277,15,2,3,3,3,13610,0,15,2,4,7,6,7,Yes
33,587,10,1,1,1,4,3408,3,8,2,3,4,3,3,Yes
30,413,7,4,3,1,2,2983,0,4,3,3,3,2,2,No
35,1276,16,4,3,3,3,7632,0,10,2,3,8,7,0,No
31,534,20,1,3,3,3,9824,0,12,2,3,1,0,0,Yes
34,988,23,2,3,3,1,9950,3,11,2,3,3,2,2,Yes
42,1474,5,2,3,1,3,2093,1,8,4,3,2,2,0,No
36,635,10,2,3,3,4,9980,0,10,3,2,10,3,7,No
22,1368,4,3,2,1,3,3894,0,4,3,3,2,2,2,Yes
48,163,2,2,3,2,4,4051,1,14,2,3,9,7,7,No
55,1117,18,1,3,4,2,16835,0,37,2,3,10,9,7,No
41,267,10,4,3,2,4,6230,0,16,3,3,14,3,10,No
35,619,1,2,3,2,3,4717,0,15,2,3,11,9,9,No
40,302,6,2,3,4,3,13237,0,22,3,3,20,6,13,No
39,443,8,3,3,1,3,3755,1,8,3,3,8,3,7,No
31,828,2,2,3,2,4,6582,0,10,2,4,6,5,5,No
42,319,24,4,3,3,1,7406,1,10,5,2,10,9,8,No
45,561,2,4,3,2,2,4805,1,9,3,4,8,7,7,No
26,426,17,2,3,1,3,2741,1,8,2,2,7,7,0,Yes
29,232,19,4,3,2,4,4262,2,8,2,4,3,2,2,No
33,922,1,1,4,4,3,16184,1,10,2,3,6,1,5,No
31,688,7,3,2,3,4,11557,1,10,3,2,5,4,1,No
18,1306,5,2,3,1,2,1878,0,0,3,3,0,0,0,Yes
40,1094,28,3,1,3,1,10932,1,20,2,3,1,0,1,No
41,509,2,1,2,2,3,6811,0,10,3,3,8,7,7,No
26,775,29,1,3,2,3,4306,2,8,5,3,0,0,0,No
35,195,1,1,3,2,3,4859,0,5,3,3,5,4,3,No
34,258,21,4,4,2,4,5337,0,10,3,3,10,7,7,No
26,471,24,3,1,1,4,2340,0,1,3,1,1,0,0,Yes
37,799,1,2,3,3,4,7491,0,12,3,4,6,5,2,No
46,1034,18,1,3,3,3,10527,0,28,3,2,2,2,2,No
41,1276,2,2,3,4,1,16595,1,22,2,3,18,16,8,No
37,142,9,1,3,3,2,8834,1,9,6,3,9,5,7,No
52,956,6,4,3,2,1,5577,2,18,3,3,10,9,9,No
32,1474,11,4,4,2,3,4707,0,6,2,3,4,2,2,Yes
24,535,24,4,3,1,4,2400,2,3,3,3,2,2,1,No
38,1495,10,3,3,2,3,9824,1,18,4,3,1,0,0,No
37,446,1,2,3,2,2,6447,1,8,2,2,6,5,3,No
49,1245,18,4,2,5,3,19502,1,31,5,3,31,9,9,No
24,691,23,2,4,1,4,2725,2,6,3,3,6,5,4,No
26,703,28,1,3,2,2,6272,2,6,5,4,5,3,4,No
24,823,17,4,2,1,2,2127,1,1,2,3,1,0,0,No
50,1246,3,1,3,5,2,18200,1,32,2,3,32,5,7,No
25,622,13,2,3,1,3,2096,0,7,1,3,7,4,6,No
24,1287,7,1,3,1,3,2886,1,6,4,3,6,3,2,Yes
30,448,12,2,2,1,1,2033,1,1,2,4,1,0,0,Yes
34,254,1,2,2,1,4,3622,1,6,3,3,6,5,3,No
31,1365,13,2,3,2,1,4233,0,9,2,1,3,1,2,Yes
35,538,25,1,2,2,4,3681,0,9,3,3,3,2,2,No
31,525,6,1,4,2,4,5460,2,13,4,4,7,7,7,No
27,798,6,1,2,1,3,2187,2,6,5,2,5,3,3,No
37,558,2,4,3,2,3,9602,1,17,3,2,3,0,0,No
20,959,1,4,2,1,2,2836,0,1,0,4,1,0,0,No
42,622,2,3,3,2,4,4089,2,10,4,3,10,2,2,No
43,782,6,2,2,4,4,16627,1,21,3,2,1,0,0,No
38,362,1,3,3,1,1,2619,0,8,3,2,0,0,0,No
43,1001,9,4,3,2,3,5679,1,10,3,3,8,7,7,No
48,1236,1,4,2,4,1,15402,1,21,3,1,3,2,2,No
44,1112,1,1,2,2,3,5985,0,10,1,4,2,2,2,No
34,204,14,3,3,1,3,2579,2,8,3,3,8,2,6,No
27,1420,2,3,3,1,1,3041,1,5,3,3,4,3,2,Yes
21,1343,22,3,3,1,3,3447,0,3,2,3,3,2,2,No
44,1315,3,4,3,5,4,19513,1,26,2,4,2,2,1,No
22,604,6,1,3,1,3,2773,0,3,3,3,2,2,2,No
33,1216,8,3,3,2,3,7104,0,6,3,3,5,0,2,No
32,646,9,1,3,2,4,6322,1,6,2,2,6,4,5,No
30,160,3,3,3,1,3,2083,1,1,2,3,1,0,0,No
53,238,1,4,3,2,1,8381,0,18,2,4,14,7,10,No
34,1397,1,2,3,1,4,2691,1,10,4,2,10,9,8,No
45,306,26,1,3,2,1,4286,2,5,4,3,1,1,0,Yes
26,991,6,3,3,1,4,2659,1,3,2,3,3,2,2,No
37,482,3,3,3,3,3,9434,1,10,2,3,10,7,8,No
29,1176,3,2,3,2,3,5561,1,6,5,2,6,0,2,No
35,1017,6,2,1,2,4,6646,0,17,3,3,17,11,8,No
33,1296,6,3,3,2,4,7725,1,15,2,1,13,11,7,No
54,397,19,3,3,3,2,10725,1,16,1,4,9,7,1,No
36,913,9,2,2,2,2,8847,1,13,2,3,3,2,2,No
27,1115,3,1,2,1,4,2045,0,5,0,3,4,2,1,No
20,1362,10,4,3,1,3,1009,0,1,5,3,1,0,1,Yes
33,1076,3,1,3,1,1,3348,0,10,3,3,10,8,7,Yes
35,727,3,3,2,1,3,1281,2,1,3,3,1,0,0,No
23,885,4,1,4,1,1,2819,1,5,3,4,3,2,2,No
25,810,8,4,4,2,2,4851,1,4,4,3,3,2,2,No
38,243,7,4,2,2,4,4028,0,8,2,3,7,7,5,No
29,806,1,2,1,1,4,2720,1,10,5,3,10,7,8,No
48,817,2,2,4,2,2,8120,0,12,3,3,2,2,2,No
27,1410,3,4,4,2,4,4647,2,6,3,3,6,5,4,No
37,1225,10,4,4,1,4,4680,0,4,2,3,1,0,0,No
50,1207,28,4,4,1,3,3221,3,20,3,3,20,8,8,No
34,1442,9,4,2,3,2,8621,0,9,3,4,8,7,7,No
24,693,3,1,3,2,3,4577,0,4,3,3,2,2,0,Yes
39,408,2,4,2,2,3,4553,0,20,4,3,20,7,10,No
32,929,10,4,3,2,4,5396,0,10,2,2,10,7,8,No
50,562,8,2,3,2,3,6796,1,18,4,3,4,3,3,Yes
38,827,1,2,4,2,4,7625,0,10,4,2,9,7,8,No
27,608,1,3,3,3,1,7412,0,9,3,3,9,7,7,No
32,1018,3,3,3,3,4,11159,0,10,6,3,7,7,7,No
47,703,14,4,3,2,1,4960,0,20,2,3,7,7,7,No
40,580,5,4,2,3,1,10475,1,20,2,3,18,13,12,No
53,970,7,3,4,4,3,14814,0,32,3,3,5,1,3,No
41,427,10,2,2,5,4,19141,3,23,2,2,21,6,6,No
60,1179,16,1,3,2,1,5405,0,10,1,3,2,2,2,No
27,294,10,4,3,3,1,8793,2,9,4,2,9,7,7,No
41,314,1,4,2,5,3,19189,1,22,3,3,22,7,10,No
50,316,8,4,3,1,2,3875,1,4,2,3,2,2,2,No
28,654,1,1,1,1,2,2216,0,10,4,3,7,7,7,Yes
36,427,8,1,4,3,1,11713,1,10,2,3,8,7,5,No
38,168,1,3,3,3,3,7861,0,10,4,4,1,0,0,No
44,381,24,1,1,1,3,3708,0,9,5,3,5,2,4,No
47,217,3,4,3,4,3,13770,2,28,2,2,22,2,13,No
30,501,27,3,3,2,4,5304,1,10,2,2,8,7,7,No
29,1396,10,3,3,1,3,2642,0,1,6,3,1,0,0,No
42,933,19,3,4,1,3,2759,0,7,2,3,2,2,2,Yes
43,775,15,4,2,2,4,6804,1,7,5,3,2,2,2,No
34,970,8,2,3,2,3,6142,0,10,2,3,5,1,3,No
23,650,9,2,3,1,1,2500,1,5,2,4,4,3,2,No
39,141,3,3,4,2,2,6389,1,12,3,1,8,3,6,No
56,832,9,3,3,4,4,11103,0,30,1,2,10,7,1,No
40,804,2,4,2,1,4,2342,0,5,2,2,4,2,3,No
27,975,7,4,2,2,1,6811,0,9,2,1,7,6,7,No
29,1090,10,4,3,1,2,2297,2,2,2,3,2,2,2,No
53,346,6,4,3,2,4,2450,0,19,4,3,2,2,2,No
35,1225,2,4,3,2,1,5093,1,16,2,4,1,0,0,No
32,430,24,1,3,2,4,5309,2,10,2,3,10,8,7,No
38,268,2,4,3,1,3,3057,1,6,0,1,1,0,1,No
34,167,8,2,3,2,1,5121,1,7,3,3,0,0,0,No
52,621,3,3,2,4,1,16856,0,34,3,4,34,6,16,No
33,527,1,4,3,1,4,2686,0,10,2,2,10,9,8,Yes
25,883,26,3,3,2,4,6180,0,6,5,2,6,5,4,No
45,954,2,2,1,2,3,6632,0,9,3,3,8,7,1,No
23,310,10,1,4,1,3,3505,0,2,3,3,2,2,2,No
47,719,27,2,4,2,3,6397,0,8,2,3,5,4,3,Yes
34,304,2,4,3,2,4,6274,0,6,5,3,6,5,4,No
55,725,2,4,3,5,1,19859,1,24,2,3,5,2,4,Yes
36,1434,8,1,2,3,1,7587,0,10,1,3,10,7,9,No
52,715,19,4,3,1,4,4258,1,5,3,3,4,3,2,No
26,575,1,1,1,1,4,4364,1,5,2,3,2,2,0,No
29,657,27,2,3,2,3,4335,1,11,3,2,8,7,1,No
26,1146,8,4,2,2,1,5326,0,6,2,2,4,3,2,Yes
34,182,1,2,4,1,4,3280,0,10,2,3,4,2,3,No
54,376,19,4,3,2,1,5485,2,9,4,3,5,3,4,No
27,829,8,3,3,2,4,4342,1,5,3,3,4,2,1,No
37,571,10,4,3,1,1,2782,2,6,3,2,5,3,3,No
38,240,2,1,4,2,1,5980,0,17,2,3,15,7,12,No
34,121,2,3,2,1,1,4381,0,6,3,3,6,5,3,No
35,384,8,1,3,1,4,2572,1,3,1,2,3,2,2,No
30,921,1,4,1,1,3,3833,2,7,2,3,2,2,2,No
40,791,2,3,4,2,2,4244,1,8,2,3,8,7,7,No
34,1111,8,3,3,2,1,6500,1,6,1,3,3,2,2,No
42,570,8,2,3,5,4,18430,1,24,4,2,24,7,9,No
23,1243,6,3,4,1,1,1601,2,1,2,3,0,0,0,Yes
24,1092,9,3,2,1,2,2694,3,1,4,3,1,0,0,No
52,1325,11,4,3,2,3,3149,1,9,3,3,5,2,4,No
50,691,2,3,3,4,3,17639,0,30,3,3,4,3,3,No
29,805,1,2,2,1,1,2319,1,1,1,3,1,0,0,Yes
33,213,7,3,3,3,3,11691,0,14,3,4,13,9,7,No
33,118,16,1,3,2,1,5324,0,6,3,3,3,2,2,Yes
47,202,2,3,3,4,4,16752,1,26,3,2,26,14,0,No
36,676,1,3,3,2,2,5228,1,10,2,3,9,7,5,No
29,1252,23,3,4,1,3,2700,1,10,3,3,10,7,7,No
58,286,2,4,3,5,2,19246,0,40,2,3,31,15,8,Yes
35,1258,1,4,4,1,3,2506,0,7,0,3,2,2,2,No
42,932,1,4,2,2,4,6062,1,8,4,3,4,3,2,No
28,890,2,3,3,1,3,4382,0,5,3,2,2,2,1,Yes
36,1041,13,3,3,1,2,2143,1,8,2,3,5,2,4,No
32,859,4,3,2,2,3,6162,1,14,3,3,14,13,8,No
40,720,16,1,2,2,3,5094,0,10,6,3,1,0,0,No
30,946,2,3,2,2,4,6877,0,12,4,2,0,0,0,No
45,252,2,2,2,1,3,2274,0,1,3,3,1,0,0,No
42,933,29,2,3,2,2,4434,1,10,3,2,9,8,8,No
38,471,12,1,2,2,1,6288,1,13,3,2,4,3,2,No
34,702,16,3,2,1,4,2553,0,6,3,3,5,2,3,No
49,1184,11,3,3,3,4,7654,2,9,3,4,9,8,7,Yes
55,436,2,3,3,2,4,5160,0,12,3,2,9,7,3,Yes
43,589,14,2,3,4,1,17159,1,22,3,3,4,1,0,No
27,269,5,3,2,3,4,12808,1,9,3,3,9,8,8,No
35,950,7,3,3,3,3,10221,0,17,3,4,8,5,6,No
28,760,2,2,3,2,2,4779,0,8,2,3,8,7,5,No
34,829,3,3,3,1,4,3737,1,4,1,1,3,2,2,No
26,887,5,3,2,1,3,2366,1,8,2,3,8,7,7,Yes
27,443,3,4,3,1,4,1706,3,0,6,2,0,0,0,No
51,1318,26,1,3,4,3,16307,1,29,2,2,20,6,17,No
44,625,4,4,3,2,2,5933,0,10,2,2,5,2,3,No
25,180,2,1,4,1,1,3424,0,6,3,2,4,3,1,No
33,586,1,1,4,2,1,4037,1,9,5,3,9,8,8,No
35,1343,27,3,2,1,1,2559,0,6,3,2,6,5,1,No
36,928,1,2,3,2,4,6201,1,18,1,2,18,14,11,No
32,117,13,2,3,2,4,4403,1,8,3,2,5,2,3,No
30,1012,5,2,2,1,4,3761,1,10,3,2,5,4,3,No
53,661,7,1,2,3,4,10934,1,35,3,3,5,2,4,No
45,930,9,4,3,3,1,10761,1,18,2,3,5,4,2,No
32,638,8,3,4,2,3,5175,1,9,3,2,5,3,3,No
52,890,25,3,2,4,4,13826,0,31,3,3,9,8,0,No
37,342,16,4,2,2,3,6334,2,9,2,3,1,0,0,No
28,1169,8,2,2,1,4,4936,1,6,6,3,5,1,4,No
22,1230,1,4,2,2,4,4775,2,4,2,1,2,2,2,No
44,986,8,1,4,1,4,2818,1,10,2,2,3,2,2,No
42,1271,2,2,3,1,4,2515,0,8,2,3,2,1,2,No
36,1278,8,1,2,1,1,2342,0,6,3,3,5,4,3,No
25,141,3,3,3,2,1,4194,0,5,3,3,5,3,3,No
35,607,9,4,2,3,3,10685,1,17,2,3,17,14,15,No
35,130,25,4,3,1,2,2022,1,10,3,2,10,2,8,Yes
32,300,1,4,3,1,4,2314,1,4,2,3,3,0,2,No
25,583,4,3,2,2,1,4256,0,5,1,4,5,2,3,No
49,1418,1,3,3,1,1,3580,1,7,2,3,4,2,2,No
24,1269,4,1,2,1,4,3162,0,6,2,2,5,2,4,No
32,379,5,2,3,2,2,6524,1,10,3,3,10,8,3,No
38,395,9,2,2,1,2,2899,1,3,3,3,2,2,2,No
42,1265,3,3,4,2,4,5231,1,17,1,2,5,3,3,No
31,1222,11,4,3,1,4,2356,1,8,2,3,6,4,2,No
29,341,1,2,2,1,3,2800,3,5,3,3,3,2,2,Yes
53,868,8,1,3,4,4,11836,1,28,3,3,2,0,2,No
35,672,25,4,2,3,2,10903,0,16,2,3,13,10,8,No
37,1231,21,3,3,1,4,2973,1,10,3,3,5,4,0,No
53,102,23,4,3,4,4,14275,0,33,0,3,12,9,8,No
43,422,1,4,3,2,4,5562,1,12,2,2,5,2,2,No
47,249,2,3,3,2,4,4537,1,8,2,3,7,6,7,No
37,1252,19,1,3,3,2,7642,0,10,2,3,10,0,9,No
50,881,2,1,3,4,1,17924,1,31,3,3,31,6,7,No
39,1383,2,4,2,2,4,5204,2,13,2,3,5,4,4,No
33,1075,3,4,3,1,2,2277,1,7,4,4,4,3,3,No
32,374,25,1,3,1,4,2795,0,1,2,1,1,0,1,Yes
29,1086,7,1,2,1,4,2532,3,8,5,3,4,3,3,No
44,661,9,2,3,1,1,2559,0,8,0,3,8,7,1,No
28,821,5,1,3,2,4,4908,0,4,3,3,4,2,2,No
58,781,2,4,2,1,4,2380,1,3,3,2,1,0,0,Yes
43,177,8,1,3,2,2,4765,1,4,2,4,1,0,0,No
20,500,2,3,2,1,3,2044,0,2,3,2,2,2,2,Yes
21,1427,18,4,3,1,4,2693,0,1,3,2,1,0,0,Yes
36,1425,14,3,3,2,4,6586,1,17,2,2,16,8,11,No
47,1454,2,4,2,1,4,3294,0,3,3,2,3,2,2,No
22,617,3,2,3,2,3,4171,1,4,3,4,3,2,2,Yes
41,1085,2,2,1,1,4,2778,1,10,1,2,7,7,0,Yes
28,995,9,3,3,1,3,2377,1,6,2,3,2,2,2,No
39,1122,6,4,3,1,1,2404,0,8,2,1,2,2,2,Yes
27,618,4,2,3,1,3,2318,0,1,2,3,1,1,0,No
34,546,10,2,3,1,2,2008,2,1,3,3,1,0,0,No
42,462,14,3,2,2,3,6244,0,10,6,3,5,4,3,No
33,1198,1,3,2,1,1,2799,0,6,1,3,3,2,2,No
58,1272,5,3,2,3,2,10552,1,24,3,3,6,0,4,No
31,154,7,2,2,1,3,2329,0,13,2,4,7,7,2,No
35,1137,21,4,3,2,4,4014,1,10,2,1,10,6,7,No
49,527,8,1,3,3,2,7403,1,29,3,2,26,9,7,No
48,1469,20,4,3,1,3,2259,2,13,2,2,0,0,0,No
31,1188,20,4,3,2,3,6932,1,9,2,2,9,8,0,No
36,188,7,2,3,1,4,4678,0,8,6,3,6,2,1,No
38,1333,1,4,3,3,1,13582,1,15,3,3,15,12,11,No
32,1184,1,3,2,1,2,2332,0,5,3,3,3,0,2,No
25,867,19,3,2,1,2,2413,3,1,2,3,1,0,0,Yes
40,658,10,1,2,3,2,9705,1,11,2,2,1,0,0,No
26,1283,1,3,2,2,1,4294,0,7,2,3,7,7,7,No
41,263,6,4,3,1,1,4721,0,20,3,3,18,13,17,No
36,938,2,3,3,1,3,2519,0,16,6,3,11,8,9,No
19,419,21,4,2,1,2,2121,0,1,3,4,1,0,0,Yes
20,129,4,1,3,1,1,2973,0,1,2,3,1,0,0,Yes
31,616,12,4,3,2,4,5855,2,10,2,1,9,7,5,No
40,1469,9,4,3,1,2,3617,1,3,2,3,1,1,0,No
32,498,3,3,3,2,1,6725,1,8,2,4,8,7,3,No
36,530,3,3,2,3,4,10325,1,16,6,3,16,7,7,Yes
33,1069,1,2,2,2,4,6949,0,6,3,3,5,0,4,No
37,625,1,1,2,3,3,10609,0,17,2,1,14,1,7,Yes
45,805,4,3,3,2,2,4447,0,9,5,2,9,7,8,No
29,1404,20,3,3,1,4,2157,1,3,5,3,3,1,2,No
35,1219,18,3,3,2,3,4601,0,5,3,3,5,2,0,No
52,1053,1,4,3,4,4,17099,1,26,2,2,9,8,8,No
58,289,2,4,3,1,3,2479,0,7,4,3,1,0,0,Yes
53,1376,2,3,3,4,3,14852,1,22,3,4,17,13,2,No
30,231,8,3,3,3,3,7264,1,10,2,4,8,4,7,No
38,152,10,3,3,2,4,5666,0,6,1,3,5,3,3,No
35,882,3,4,3,3,4,7823,1,12,2,3,10,9,8,No
39,903,2,1,4,3,3,7880,0,9,3,3,8,7,7,No
40,1479,24,2,4,4,2,13194,0,22,2,2,1,0,0,Yes
47,1379,16,3,4,2,3,5067,0,20,3,4,19,10,7,No
36,1229,8,1,3,2,4,5079,2,12,3,3,7,7,7,No
31,335,9,3,2,1,1,2321,0,4,0,3,3,2,2,Yes
33,722,17,4,3,4,3,17444,0,10,2,3,10,8,0,No
29,906,10,4,2,1,1,2404,0,3,5,3,0,0,0,Yes
33,461,13,2,3,1,4,3452,0,5,4,3,3,2,2,No
45,974,1,4,3,1,4,2270,2,8,2,3,5,3,2,No
50,1126,1,4,3,4,4,17399,1,32,1,2,5,4,3,No
33,827,1,3,4,2,2,5488,1,6,2,3,6,5,2,No
41,840,9,1,3,5,3,19419,1,21,2,4,18,16,11,No
27,1134,16,3,3,1,2,2811,1,4,2,3,2,2,2,No
45,248,23,4,3,2,1,3633,1,9,2,3,9,8,8,No
47,955,4,4,3,2,4,4163,0,9,0,3,9,0,7,No
30,138,22,1,3,1,3,2132,0,7,2,3,5,2,1,Yes
50,939,24,4,3,4,3,13973,1,22,2,3,12,11,5,No
38,1391,10,3,3,1,3,2684,1,3,0,2,2,1,2,No
46,566,7,4,3,3,3,10845,1,13,3,3,8,7,7,No
24,1206,17,4,2,2,3,4377,2,5,6,3,4,2,2,No
35,622,14,3,2,1,2,3743,1,5,2,1,4,2,2,Yes
31,853,1,3,3,2,1,4148,1,4,1,3,4,3,3,No
18,287,5,2,3,1,4,1051,0,0,2,3,0,0,0,No
54,1441,17,3,3,3,3,10739,1,22,2,3,10,7,8,No
35,583,25,3,3,3,3,10388,1,16,3,2,16,10,1,No
30,153,8,2,4,3,1,11416,3,9,4,2,8,7,7,No
20,1097,11,4,2,1,1,2600,0,1,2,3,1,0,0,Yes
30,109,5,2,3,1,2,2422,0,4,3,3,3,2,2,Yes
26,1066,2,4,4,2,4,5472,0,8,2,3,8,7,3,No
22,217,8,2,1,1,1,2451,1,4,3,2,4,3,1,No
48,277,6,1,2,2,3,4240,0,19,0,3,2,2,2,No
48,1355,4,3,2,3,3,10999,0,27,3,3,15,11,8,No
41,549,7,4,3,2,3,5003,0,8,6,3,2,2,1,No
39,466,1,4,2,4,4,12742,1,21,3,3,21,6,8,No
27,1055,2,1,3,2,4,4227,1,4,2,3,3,2,2,No
35,802,10,2,3,1,4,3917,1,3,4,2,3,2,2,No
42,265,5,4,3,5,3,18303,0,21,3,4,1,0,0,No
50,804,9,1,3,1,4,2380,0,8,5,3,1,0,0,No
59,715,2,3,2,4,4,13726,0,30,4,3,5,3,3,No
37,1141,11,1,1,2,2,4777,0,15,2,1,1,0,0,Yes
55,135,18,3,3,2,2,6385,2,17,3,3,8,7,7,No
41,247,7,2,1,5,3,19973,2,21,3,3,21,16,10,No
38,1035,3,2,3,2,4,6861,0,19,1,3,1,0,0,No
26,265,29,2,1,2,1,4969,0,7,6,3,2,2,2,Yes
52,266,2,1,1,5,4,19845,1,33,3,3,32,14,9,Yes
44,1448,28,4,4,4,4,13320,1,23,2,3,12,11,11,No
50,145,1,4,3,2,3,6347,1,19,3,3,18,7,13,No
36,885,16,3,4,1,1,2743,0,18,1,3,17,13,14,Yes
39,945,22,4,3,3,1,10880,0,21,2,3,21,6,8,No
33,1038,8,2,2,1,4,2342,0,3,2,2,2,2,2,No
45,1234,11,4,3,4,4,17650,1,26,4,4,9,3,1,No
32,1109,29,4,3,1,3,4025,0,10,2,3,8,7,7,No
34,216,1,2,4,2,4,9725,1,16,2,2,15,1,9,No
59,1089,1,2,3,3,4,11904,1,14,1,1,6,4,4,No
45,788,24,2,3,1,2,2177,0,6,3,3,6,3,4,No
53,124,2,3,2,3,2,7525,1,30,2,3,15,7,12,No
36,660,15,1,3,2,3,4834,1,9,3,2,1,0,0,Yes
26,342,2,1,3,1,1,2042,1,6,2,3,3,2,2,Yes
34,1333,10,3,3,1,3,2220,1,1,2,3,1,1,0,No
28,1144,10,4,3,1,2,1052,0,1,5,3,1,0,0,No
38,1186,3,3,3,1,3,2821,1,8,2,3,2,2,2,No
50,1464,2,2,3,5,3,19237,1,29,2,2,8,1,7,No
37,124,3,4,3,2,2,4107,0,8,3,2,4,3,1,No
40,300,26,3,3,2,1,8396,1,8,3,2,7,7,5,No
26,921,1,1,2,1,3,2007,2,5,5,3,5,3,3,No
46,430,1,4,3,5,4,19627,2,23,0,3,2,2,2,No
54,1082,2,3,2,3,3,10686,1,13,4,3,9,4,0,No
56,1240,9,1,3,1,3,2942,1,18,4,3,5,4,3,No
36,796,12,4,2,3,4,8858,0,15,2,2,14,8,8,No
55,444,2,3,2,4,1,16756,0,31,3,4,9,7,2,No
43,415,25,3,2,3,4,10798,1,18,5,3,1,0,0,No
20,769,9,4,3,1,4,2323,0,2,3,3,2,2,2,Yes
21,1334,10,3,2,1,1,1416,0,1,6,2,1,0,0,Yes
46,1003,8,4,2,2,1,4615,3,19,2,3,16,13,7,No
51,1323,4,1,3,1,3,2461,3,18,2,4,10,0,7,Yes
28,1366,24,2,2,3,1,8722,0,10,2,2,10,7,9,Yes
26,192,1,1,2,1,1,3955,2,6,2,3,5,3,3,No
30,1176,20,3,3,2,1,9957,1,7,1,2,6,2,2,No
41,509,7,2,4,1,3,3376,0,10,3,3,10,6,8,No
38,330,17,3,2,3,3,8823,1,20,4,2,19,9,9,No
40,1492,20,1,3,3,4,10322,1,14,6,3,11,10,1,No
27,1277,8,1,1,1,3,4621,3,3,4,3,3,2,2,No
55,1091,2,4,3,3,2,10976,1,23,4,3,3,2,2,No
28,857,10,3,3,2,3,3660,0,10,4,4,8,7,7,No
44,1376,1,2,2,3,1,10482,1,24,1,3,20,6,6,Yes
33,654,5,4,2,3,4,7119,1,9,2,3,3,2,2,No
35,1204,4,4,3,3,1,9582,0,9,2,3,8,7,7,Yes
33,827,29,1,2,2,3,4508,0,14,4,3,13,7,8,Yes
28,895,15,1,3,1,3,2207,1,4,5,2,4,2,2,No
34,618,3,1,3,2,4,7756,0,7,1,2,6,2,4,No
37,309,10,4,2,2,4,6694,3,8,5,3,1,0,0,No
25,1219,4,4,3,1,4,3691,1,7,3,4,7,7,6,Yes
26,1330,21,1,3,1,3,2377,1,1,0,2,1,1,0,Yes
33,1017,25,1,2,1,2,2313,0,5,0,3,2,2,2,Yes
42,469,2,4,3,4,1,17665,1,23,3,3,22,6,7,No
28,1009,1,1,2,1,2,2596,2,1,2,3,1,0,0,Yes
50,959,1,4,3,2,3,4728,0,5,4,3,0,0,0,Yes
33,970,7,4,3,2,2,4302,1,4,3,3,3,2,2,No
34,697,3,3,2,1,4,2979,3,6,2,3,0,0,0,No
48,1262,1,1,4,4,4,16885,0,27,3,2,5,4,1,No
45,1050,9,2,2,2,3,5593,1,15,2,3,15,10,12,No
52,994,7,2,3,3,2,10445,0,18,4,3,8,6,0,No
38,770,10,3,2,3,3,8740,2,9,2,3,8,7,7,No
29,1107,28,3,3,1,4,2514,1,11,1,3,7,5,7,No
28,950,3,4,3,3,2,7655,3,10,3,2,9,7,7,No
46,406,3,1,3,4,3,17465,1,23,3,3,12,9,9,No
38,130,2,4,3,3,2,7351,0,10,2,3,1,0,0,No
43,1082,27,3,3,3,1,10820,1,18,1,3,8,7,1,No
39,203,2,1,3,4,4,12169,3,21,4,3,18,7,5,Yes
40,1308,14,3,2,5,3,19626,0,21,2,4,20,7,9,No
21,984,1,4,2,1,2,2070,0,2,6,4,2,2,2,No
39,439,9,3,3,2,2,6782,0,9,2,2,5,4,3,No
36,217,18,1,3,2,4,7779,0,18,0,3,11,9,9,No
31,793,20,3,4,1,4,2791,1,3,4,3,2,2,2,No
28,1451,2,1,2,1,2,3201,0,6,2,1,5,3,4,No
35,1182,11,4,3,2,4,4968,1,5,3,3,5,2,2,No
49,174,8,4,2,4,2,13120,1,22,3,3,9,8,3,No
34,1003,2,4,3,2,3,4033,0,5,3,2,3,2,2,No
29,490,10,4,3,1,2,3291,2,8,2,2,7,5,1,No
42,188,29,2,1,2,4,4272,0,16,3,3,1,0,0,No
29,718,8,2,2,2,4,5056,1,10,2,2,10,7,2,No
38,433,1,3,4,1,3,2844,1,7,2,4,7,6,0,No
28,773,6,3,2,1,3,2703,1,3,2,3,3,1,2,No
18,247,8,3,3,1,3,1904,0,0,0,3,0,0,0,Yes
33,603,9,1,3,2,1,8224,0,6,3,3,5,2,3,Yes
41,167,12,2,3,1,4,4766,1,6,4,3,1,0,0,No
31,874,15,3,3,1,3,2610,1,2,5,2,2,2,2,Yes
37,367,25,3,2,2,4,5731,2,9,2,3,6,2,3,No
27,199,6,4,2,1,3,2539,1,4,0,3,4,2,2,No
34,1400,9,2,3,2,3,5714,0,6,3,2,6,5,3,No
35,528,8,3,3,1,3,4323,0,6,2,1,5,4,4,No
29,408,23,4,2,3,1,7336,1,11,3,1,11,8,10,Yes
40,593,9,2,3,3,3,13499,0,20,3,2,18,7,13,No
42,481,12,3,3,4,1,13758,0,22,2,2,21,9,14,Yes
42,647,4,2,3,2,1,5155,0,9,3,4,6,4,5,No
35,982,1,4,2,1,3,2258,1,10,2,3,8,0,7,No
24,477,24,4,3,1,2,3597,0,6,2,3,4,3,2,No
28,1485,12,3,3,1,4,2515,0,1,4,2,1,1,0,Yes
26,1384,3,1,4,1,4,4420,1,8,2,3,8,7,7,No
30,852,10,3,2,2,3,6578,1,10,3,3,10,3,4,No
40,902,26,3,2,2,4,4422,1,16,3,1,1,1,0,No
35,819,2,3,2,3,2,10274,1,15,2,4,7,7,4,No
34,669,1,4,2,2,1,5343,0,14,3,3,13,9,9,No
35,636,4,4,2,1,4,2376,1,2,2,4,2,2,2,No
43,1372,9,1,1,2,3,5346,0,7,2,2,4,3,3,Yes
32,862,2,3,3,1,1,2827,3,1,3,3,1,0,0,No
56,718,4,4,3,5,1,19943,1,28,2,3,5,2,2,No
29,1401,6,2,3,1,4,3131,1,10,5,3,10,8,8,No
19,645,9,3,3,1,1,2552,0,1,4,3,1,1,0,No
45,1457,7,1,3,1,3,4477,1,7,2,2,3,2,2,No
37,977,1,4,2,2,4,6474,1,14,2,2,14,8,11,No
20,805,3,1,2,1,3,3033,0,2,2,2,2,2,2,No
44,1097,10,3,3,1,3,2936,0,6,4,3,6,4,2,Yes
53,1223,7,4,3,5,3,18606,1,26,6,3,7,7,7,No
29,942,15,2,1,1,4,2168,1,6,2,2,5,4,3,No
22,1256,3,3,2,1,4,2853,1,1,5,3,0,0,0,Yes
46,1402,2,3,3,4,1,17048,0,28,2,3,26,15,9,No
44,111,17,4,1,1,3,2290,0,6,3,3,0,0,0,No
33,147,2,2,3,1,3,3600,1,5,2,3,5,4,4,No
41,906,5,1,2,1,1,2107,1,5,2,1,1,0,0,Yes
30,1329,29,3,3,2,1,4115,3,8,3,3,4,3,3,No
40,1184,2,2,3,2,2,4327,3,5,2,3,0,0,0,No
50,1421,2,4,3,4,1,17856,1,32,3,3,2,2,2,No
28,1179,19,4,2,1,1,3196,3,6,2,3,6,5,3,No
46,1450,15,4,3,5,2,19081,1,25,2,3,4,2,3,No
35,1361,17,3,3,2,1,8966,3,15,2,3,7,7,7,No
24,984,17,4,3,1,2,2210,1,1,3,1,1,0,0,Yes
33,1146,25,2,3,2,3,4539,1,10,3,2,10,7,1,No
36,917,6,3,1,1,3,2741,1,7,4,3,7,7,7,No
30,853,7,3,3,2,3,3491,3,10,4,2,10,7,9,No
44,200,29,4,3,2,4,4541,0,20,3,3,20,11,17,No
20,654,21,3,4,1,4,2678,0,2,2,3,2,1,2,No
46,150,2,4,3,2,4,7379,1,12,3,2,6,3,4,No
42,179,2,4,4,2,1,6272,1,10,3,4,4,3,3,No
60,696,7,2,4,2,4,5220,1,12,3,3,11,7,9,No
32,116,13,3,2,1,2,2743,1,2,2,3,2,2,2,No
32,1316,2,4,3,2,3,4998,0,10,2,3,8,7,7,No
36,363,1,3,1,3,1,10252,1,17,2,3,7,7,7,No
33,117,9,1,3,1,4,2781,1,15,5,3,14,10,10,No
40,107,10,2,2,2,2,6852,1,7,2,4,5,1,3,No
25,1356,10,3,3,2,4,4950,0,5,4,3,4,3,1,No
30,1465,1,4,3,1,2,3579,1,12,2,3,11,9,7,No
42,458,26,1,3,3,1,13191,0,20,6,3,1,0,0,No
35,1212,8,3,2,3,4,10377,1,16,6,2,13,2,12,No
27,1103,14,1,3,1,1,2235,2,9,3,2,9,7,8,No
54,966,1,4,3,3,3,10502,1,33,2,1,5,4,4,No
44,1117,2,1,4,1,4,2011,1,10,5,3,10,5,7,No
19,504,10,1,2,1,2,1859,0,1,2,4,1,1,0,Yes
29,1010,1,1,3,1,4,3760,3,3,5,3,3,2,2,No
54,685,3,4,3,4,4,17779,0,36,2,3,10,9,9,No
31,1332,11,3,3,2,1,6833,0,6,2,2,6,5,1,No
31,1062,24,3,2,2,1,6812,0,10,2,3,10,9,8,No
59,326,3,3,2,2,4,5171,0,13,2,3,6,1,5,No
43,920,3,3,1,5,4,19740,1,25,2,3,8,7,7,No
49,1098,4,1,2,5,3,18711,1,23,2,4,1,0,0,No
36,469,3,3,3,1,2,3692,0,12,2,2,11,10,7,No
48,969,2,4,4,1,2,2559,0,7,4,2,1,0,0,No
27,1167,4,1,3,1,3,2517,3,5,2,3,5,3,3,No
29,1329,7,3,3,2,4,6623,2,6,2,3,6,0,0,No
48,715,1,4,2,5,4,18265,0,25,3,4,1,0,0,No
29,694,1,4,2,4,4,16124,2,9,2,2,7,7,7,No
34,1320,20,3,4,1,3,2585,0,2,5,2,1,0,0,No
44,1099,5,2,3,5,2,18213,1,26,5,3,22,9,10,No
33,536,10,4,4,3,3,8380,2,10,3,3,9,8,8,No
19,265,25,2,4,1,4,2994,0,1,2,3,1,0,1,No
23,373,1,4,3,1,3,1223,1,1,2,3,1,0,1,No
25,599,24,3,1,1,4,1118,0,1,4,3,1,0,0,Yes
26,583,4,3,3,1,4,2875,0,8,2,2,8,5,2,No
45,1449,2,1,1,5,2,18824,0,26,2,3,24,10,11,Yes
55,177,8,4,2,4,2,13577,1,34,3,3,33,9,0,No
21,251,10,1,2,1,3,2625,0,2,2,1,2,2,2,Yes
46,168,4,4,2,5,2,18789,1,26,2,3,11,4,8,No
34,131,2,3,3,2,1,4538,0,4,3,3,3,2,2,No
51,237,9,4,3,5,2,19847,1,31,5,2,29,10,10,No
59,1429,18,4,3,3,4,10512,0,25,6,2,9,7,4,No
34,135,19,3,3,2,2,4444,2,15,2,4,11,8,10,No
28,791,1,4,3,1,3,2154,0,5,2,2,4,2,2,No
44,1199,4,3,4,5,1,19190,2,26,4,2,25,9,13,No
34,648,11,3,2,2,2,4490,2,14,5,4,10,9,8,No
35,735,6,3,3,1,3,3506,0,4,3,3,3,2,2,No
42,603,7,2,4,2,2,2372,0,18,2,3,1,0,0,No
43,531,4,4,2,3,4,10231,0,23,3,4,21,7,17,No
36,429,2,3,3,2,2,5410,0,18,2,3,16,14,12,No
44,621,15,1,3,3,4,7978,1,10,2,3,10,7,5,Yes
28,193,2,4,2,1,4,3867,1,2,2,3,2,2,2,No
51,968,6,2,2,1,3,2838,0,8,6,2,7,0,7,No
30,879,9,3,3,2,3,4695,0,10,3,3,8,4,7,No
29,806,7,2,3,1,3,3339,2,10,2,3,7,7,7,Yes
28,640,1,4,3,1,1,2080,0,5,2,2,3,2,2,No
25,266,1,4,3,1,2,2096,0,2,3,2,2,2,1,No
32,604,8,3,4,2,4,6209,2,10,4,4,10,7,8,No
45,364,25,2,3,5,2,18061,0,22,4,3,0,0,0,No
39,412,13,3,2,4,2,17123,2,21,4,3,19,9,2,No
58,848,23,1,3,1,3,2372,2,2,3,3,2,2,2,No
32,1089,7,4,3,2,3,4883,1,10,3,3,10,4,1,Yes
39,360,23,3,3,1,1,3904,0,6,2,3,5,2,3,Yes
30,1138,6,1,2,2,4,4627,1,10,6,3,9,2,7,No
36,325,10,4,3,3,3,7094,0,10,0,3,7,7,7,No
46,991,1,4,3,1,1,3423,0,10,3,4,7,6,7,No
28,1476,1,3,1,2,4,6674,3,10,6,3,9,8,5,No
50,1322,28,4,3,4,1,16880,0,25,2,3,3,2,2,No
40,299,25,4,2,3,2,9094,0,9,2,3,5,4,0,Yes
52,1030,5,2,3,3,2,8446,0,10,2,2,8,7,7,Yes
30,634,17,2,3,3,1,11916,2,9,2,3,9,1,8,No
39,524,18,1,3,2,3,4534,0,9,6,3,8,7,7,No
31,587,2,4,3,3,3,9852,1,10,5,2,10,8,6,No
41,256,10,3,1,2,2,6151,0,19,4,3,19,2,9,No
31,1060,1,4,3,1,2,2302,0,3,2,4,3,2,2,Yes
44,935,3,1,3,1,1,2362,0,10,4,4,3,2,2,Yes
42,495,2,3,3,4,3,17861,0,21,3,2,20,8,10,No
55,282,2,4,1,5,3,19187,1,23,5,3,19,9,11,No
56,206,8,4,3,5,2,19717,0,36,4,3,7,3,7,No
40,458,16,3,3,1,3,3544,1,6,0,3,4,2,0,No
34,943,9,4,3,3,4,8500,1,10,0,2,9,7,6,No
40,523,2,3,3,2,4,4661,0,9,4,3,9,8,8,No
41,1018,1,3,3,2,1,4103,1,10,2,3,9,3,7,No
35,482,4,3,3,2,3,4249,0,9,3,3,9,6,1,No
51,770,5,3,3,4,2,14026,1,33,2,3,33,9,10,No
38,1009,2,2,3,2,1,6893,1,11,3,3,7,7,7,No
34,507,15,3,3,2,1,6125,0,10,6,4,10,8,6,No
25,882,19,4,3,1,4,3669,3,7,6,2,3,2,2,No
58,601,7,3,2,3,1,10008,0,31,0,2,10,9,9,Yes
40,329,1,2,3,1,2,2387,1,7,3,3,4,2,3,No
36,607,7,1,4,2,1,4639,1,17,2,2,15,7,13,No
48,855,4,4,3,3,4,7898,0,11,2,3,10,9,8,No
27,1291,11,3,4,1,4,2534,1,5,4,3,1,0,0,No
51,1405,11,4,2,4,2,13142,0,29,1,2,5,2,3,No
18,1124,1,4,3,1,4,1611,0,0,5,4,0,0,0,No
35,817,1,4,2,2,4,5363,1,10,0,3,9,7,0,No
27,793,2,4,1,2,4,5071,0,8,3,3,6,2,0,No
55,267,13,1,4,4,3,13695,0,24,2,2,19,7,8,Yes
56,1369,23,4,3,4,2,13402,1,33,0,3,19,16,9,No
34,999,26,1,2,1,3,2029,3,5,2,3,5,4,0,No
40,1202,2,2,4,2,3,6377,3,15,0,3,12,11,8,No
34,285,29,2,3,2,3,5429,2,10,1,3,8,7,7,No
31,703,2,3,2,1,4,2785,0,3,3,4,1,0,0,Yes
35,662,18,4,3,2,3,4614,1,5,0,2,4,2,2,Yes
38,693,7,4,4,1,3,2610,3,4,2,3,4,2,3,No
34,404,2,3,3,2,4,6687,0,14,2,4,14,11,11,No
28,736,26,3,2,2,1,4724,1,5,0,3,5,3,4,No
31,330,22,4,3,2,3,6179,2,10,3,2,10,2,7,Yes
39,1498,21,1,2,2,4,6120,2,8,2,4,5,4,4,No
51,541,2,2,3,3,2,10596,0,14,5,3,4,2,2,No
41,1200,22,4,3,2,4,5467,2,12,4,2,6,2,3,No
37,1439,4,3,3,1,3,2996,0,8,2,3,6,4,3,No
33,1111,5,2,3,2,4,9998,0,8,2,4,5,4,2,No
32,499,2,3,3,2,2,4078,3,4,3,2,3,2,2,No
39,1485,25,3,3,3,3,10920,1,13,2,3,6,4,5,No
25,1372,18,1,4,2,3,6232,0,6,3,2,3,2,2,No
52,322,28,4,4,4,3,13247,1,24,3,2,5,3,2,No
43,930,6,1,2,2,3,4081,0,20,3,1,20,7,8,No
27,205,10,4,2,2,4,5769,0,6,3,3,6,2,4,No
27,135,17,4,3,1,3,2394,0,8,2,3,8,2,7,Yes
26,683,2,1,2,1,4,3904,0,5,2,3,4,3,1,No
42,1147,10,3,3,4,1,16799,1,21,5,3,20,7,9,No
52,258,8,3,3,1,1,2950,0,12,2,1,5,4,4,No
37,1462,11,1,3,1,3,3629,0,8,6,3,3,2,2,No
35,200,18,3,3,3,4,9362,0,10,2,3,2,2,2,No
25,949,1,1,3,1,4,3229,1,7,2,2,3,2,2,No
26,652,7,3,4,1,1,3578,0,8,2,3,7,7,7,No
29,332,17,2,2,3,1,7988,0,10,3,2,10,9,9,No
49,1475,28,1,2,2,1,4284,0,20,2,3,4,3,3,Yes
29,337,14,3,3,3,4,7553,0,9,1,3,8,7,7,Yes
54,971,1,4,3,4,4,17328,0,29,3,2,20,7,7,No
58,1055,1,4,3,5,1,19701,1,32,3,3,9,8,5,No
55,1136,1,2,4,4,4,14732,2,31,4,4,7,7,0,No
36,1174,3,1,3,2,2,9278,0,15,3,3,5,4,1,No
31,667,1,2,1,1,3,1359,0,1,3,3,1,0,0,Yes
30,855,7,4,3,2,1,4779,2,8,3,3,3,2,2,No
31,182,8,1,3,4,2,16422,0,9,3,4,3,2,0,No
34,560,1,4,3,1,1,2996,2,10,2,3,4,3,3,No
31,202,8,1,2,1,2,1261,0,1,3,4,1,0,0,Yes
27,1377,11,2,3,1,1,2099,0,6,3,4,5,0,4,No
36,172,4,1,2,2,4,5810,0,10,2,2,10,4,8,No
36,329,16,3,2,2,1,5647,2,11,3,2,3,2,2,No
47,465,1,1,3,1,4,3420,1,17,2,2,6,5,2,No
25,383,9,1,2,1,1,4400,0,6,2,3,3,2,2,Yes
37,1413,5,3,4,1,3,3500,0,7,2,1,6,5,3,No
56,1255,1,1,3,1,1,2066,1,5,3,4,3,2,0,No
47,359,2,1,3,4,3,17169,2,26,2,4,20,17,6,No
24,1476,4,4,3,2,3,4162,2,5,3,3,5,4,3,No
32,601,7,4,3,2,4,9204,1,7,3,2,4,3,3,No
34,401,1,4,2,1,2,3294,1,7,2,2,5,4,2,No
41,1283,5,2,4,1,3,2127,0,7,5,2,4,2,3,No
40,663,9,3,3,2,3,3975,2,11,2,4,8,7,7,No
31,326,8,1,3,3,4,10793,1,13,5,3,13,7,9,No
46,377,9,1,3,3,4,10096,1,28,1,4,7,7,3,Yes
39,592,2,1,2,1,1,3646,0,11,2,4,1,0,0,Yes
31,1445,1,3,4,3,2,7446,0,10,2,3,10,8,7,Yes
45,1038,20,2,1,3,1,10851,1,24,2,3,7,7,7,No
31,1398,8,4,4,1,2,2109,0,8,3,3,3,2,2,No
31,523,2,2,3,1,4,3722,1,7,2,1,2,2,2,Yes
45,1448,29,2,3,3,4,9380,2,10,4,4,3,1,2,No
48,1221,7,3,3,2,1,5486,3,15,3,3,2,2,2,No
34,1107,9,1,3,1,3,2742,0,2,0,3,2,2,2,Yes
40,218,8,4,2,3,2,13757,1,16,5,3,9,8,8,No
28,866,5,4,3,2,1,8463,0,6,4,3,5,4,3,No
44,981,5,3,2,1,3,3162,0,7,5,3,5,2,3,No
53,447,2,4,4,4,2,16598,0,35,2,2,9,8,8,No
49,1495,5,1,3,2,3,6651,1,20,0,2,3,2,2,No
40,896,2,3,3,1,3,2345,1,8,3,4,3,1,2,No
44,1467,20,4,3,1,2,3420,0,6,3,2,5,2,3,No
33,430,7,4,3,2,1,4373,2,5,2,3,4,3,3,No
34,1326,3,4,1,2,1,4759,0,15,2,3,13,9,12,No
30,1358,16,4,3,2,3,5301,2,4,2,2,2,1,2,No
42,748,9,1,3,1,4,3673,0,12,3,3,12,9,8,No
44,383,1,1,3,2,3,4768,1,11,4,2,1,0,0,No
30,990,7,3,3,1,3,1274,2,1,2,2,1,0,0,No
57,405,1,2,4,2,3,4900,1,13,2,2,12,9,8,No
49,1490,7,3,3,3,2,10466,2,29,3,3,8,7,7,No
34,829,15,2,3,4,1,17007,2,16,3,2,14,8,9,No
28,1496,1,1,3,1,3,2909,1,5,3,4,3,2,2,Yes
29,115,13,1,3,2,2,5765,0,7,4,1,5,3,0,Yes
34,790,24,1,2,2,2,4599,0,16,2,4,15,9,10,Yes
35,660,7,4,3,1,3,2404,1,1,3,3,1,0,0,No
24,381,9,2,3,1,1,3172,0,4,2,2,0,0,0,Yes
24,830,13,4,3,1,2,2033,1,1,2,3,1,0,0,No
44,1193,2,2,3,3,3,10209,0,16,2,2,2,2,2,No
29,1246,19,3,2,2,3,8620,2,10,3,3,10,7,4,No
30,330,1,3,3,1,3,2064,1,6,3,4,5,3,3,No
55,1229,4,4,3,2,3,4035,0,4,2,3,3,2,2,No
33,1099,4,1,2,1,2,3838,0,8,5,3,5,4,2,No
47,571,14,3,3,2,3,4591,1,11,4,2,5,4,2,No
28,289,2,3,2,1,1,2561,0,8,2,2,0,0,0,Yes
28,1423,1,1,2,1,3,1563,1,1,2,1,1,0,0,No
28,467,7,3,3,2,1,4898,0,5,5,3,4,2,3,No
49,271,3,3,2,2,1,4789,1,10,3,3,3,2,2,No
29,410,2,4,3,1,2,3180,3,4,3,3,3,2,2,No
28,1083,29,3,1,2,2,6549,2,8,2,2,8,6,7,No
33,516,8,4,3,2,3,6388,0,14,6,3,0,0,0,No
32,495,10,3,3,3,4,11244,0,10,5,4,5,2,0,No
54,1050,11,2,3,4,4,16032,1,26,2,3,14,9,12,No
29,224,1,1,2,1,1,2362,0,11,2,1,9,7,7,Yes
44,136,28,4,3,4,1,16328,1,24,1,4,20,6,17,No
39,1089,6,2,3,3,2,8376,0,9,3,3,2,0,2,No
46,228,3,3,3,4,2,16606,1,23,2,4,13,12,1,No
35,1029,16,4,2,3,2,8606,0,11,3,1,11,8,3,No
23,507,20,1,3,2,3,2272,0,5,2,3,4,3,2,No
40,676,9,4,3,1,1,2018,0,15,3,1,5,4,0,Yes
34,971,1,4,2,3,3,7083,0,10,3,3,10,9,6,No
31,561,3,4,3,1,3,4084,0,7,2,1,7,2,7,Yes
50,333,22,3,1,4,4,14411,0,32,2,3,32,6,9,No
34,1440,7,2,3,1,3,2308,1,12,4,3,11,10,7,No
42,1210,2,3,2,1,2,4841,1,4,3,3,1,0,0,No
37,674,13,1,3,2,4,4285,0,10,2,3,10,8,7,No
29,441,8,3,1,2,1,9715,1,9,3,3,7,7,7,No
33,575,25,4,2,2,2,4320,0,5,2,3,5,3,2,No
45,950,28,4,3,1,4,2132,1,8,3,3,5,4,3,No
42,288,2,4,3,3,4,10124,1,24,3,1,20,8,9,No
40,1342,9,1,3,2,1,5473,0,9,5,4,8,4,1,No
33,589,28,2,3,2,3,5207,1,15,3,3,15,14,7,No
40,898,6,3,3,4,4,16437,0,21,2,3,21,7,7,No
24,350,21,3,2,1,1,2296,3,2,3,3,1,1,0,No
40,1142,8,4,3,2,4,4069,0,8,2,3,2,2,2,No
45,538,1,1,3,3,2,7441,3,10,4,3,10,8,7,No
35,1402,28,2,2,1,3,2430,2,6,5,3,5,3,2,No
32,824,5,4,2,2,2,5878,1,12,2,3,7,1,5,No
36,1157,2,3,3,1,4,2644,0,7,3,2,3,2,2,No
48,492,16,3,3,2,3,6439,1,18,2,3,8,7,7,No
29,598,9,3,4,1,3,2451,2,5,2,2,1,0,0,No
33,1242,8,1,3,2,1,6392,1,8,6,1,2,2,2,No
30,740,1,2,2,2,1,9714,1,10,4,3,10,8,7,Yes
38,888,10,3,3,2,3,6077,0,10,2,3,6,3,2,No
35,992,1,4,2,1,1,2450,0,3,3,3,3,0,2,No
30,1288,29,3,3,3,2,9250,1,9,3,3,4,2,3,No
35,104,2,1,3,1,1,2074,1,1,2,3,1,0,0,Yes
53,607,2,3,2,3,4,10169,1,34,4,3,33,7,9,Yes
38,903,2,3,3,2,2,4855,2,7,2,3,5,2,4,Yes
32,1200,1,4,3,2,1,4087,1,9,3,2,6,5,2,No
48,1108,15,3,3,1,1,2367,1,10,3,2,8,2,6,No
34,479,7,1,3,1,4,2972,0,1,4,1,1,0,0,No
55,685,26,3,2,5,4,19586,1,36,3,3,36,6,13,No
34,1351,1,2,3,2,4,5484,1,9,3,2,2,2,1,No
26,474,3,1,3,1,4,2061,0,1,5,3,1,0,0,No
38,1245,14,3,3,2,2,9924,1,10,3,3,9,8,7,No
38,437,16,2,3,2,2,4198,0,8,5,4,3,2,2,No
36,884,1,2,3,2,3,6815,0,15,5,3,1,0,0,No
29,1370,3,2,3,1,1,4723,0,10,3,3,10,9,5,No
35,670,10,1,3,2,3,6142,0,10,4,3,5,2,4,No
39,1462,6,4,4,3,3,8237,1,11,3,3,7,6,6,No
29,995,2,1,3,2,4,8853,1,6,0,4,6,4,3,No
50,264,9,3,3,5,3,19331,1,27,2,3,1,0,0,No
23,977,10,4,4,1,3,2073,1,4,2,3,2,2,2,No
36,1302,6,1,4,2,1,5562,1,9,3,3,3,2,2,No
42,1059,9,4,2,5,4,19613,0,24,2,3,1,0,1,No
35,750,28,2,4,2,3,3407,2,10,3,2,10,9,8,No
34,653,10,4,2,2,3,5063,1,8,3,2,8,2,7,No
40,118,14,4,3,2,1,4639,1,5,2,3,5,4,2,No
43,990,27,4,4,1,2,4876,1,8,0,3,6,4,2,No
35,1349,7,3,2,1,4,2690,1,1,5,2,1,0,1,No
46,563,1,4,4,4,1,17567,0,27,5,1,26,0,12,No
28,329,24,3,3,1,2,2408,3,1,3,3,1,1,0,Yes
22,457,26,2,2,1,3,2814,0,4,2,2,4,2,3,No
50,1234,20,2,3,4,3,11245,1,32,3,3,30,8,13,No
32,634,5,2,4,1,4,3312,2,6,3,3,3,2,2,No
44,1313,7,2,3,5,4,19049,1,23,4,2,22,7,10,No
30,241,7,2,2,1,2,2141,1,6,3,2,6,4,1,No
45,1015,5,3,1,2,1,5769,0,10,3,3,10,7,4,No
45,336,26,1,2,2,1,4385,1,10,2,3,10,7,5,No
31,715,2,4,3,2,1,5332,0,10,3,3,5,2,3,No
36,559,12,3,3,2,3,4663,2,7,2,3,3,2,1,No
34,426,10,3,4,2,4,4724,1,9,3,3,9,7,2,No
49,722,25,3,3,1,1,3211,1,10,3,2,9,6,4,No
39,1387,10,2,3,2,1,5377,3,10,3,3,7,7,7,No
27,1302,19,4,2,1,1,4066,2,7,3,3,7,7,7,No
35,819,18,2,4,2,1,5208,0,16,2,3,16,15,10,No
28,580,27,2,1,2,1,4877,1,6,5,2,5,3,0,No
21,546,5,3,3,1,4,3117,0,3,2,3,2,2,2,No
18,544,3,2,3,1,4,1569,0,0,2,4,0,0,0,Yes
47,1176,26,4,3,5,3,19658,1,27,2,3,5,2,0,No
39,170,3,3,2,2,3,3069,1,11,3,3,10,8,7,No
40,884,15,1,2,3,3,10435,2,18,2,3,18,15,12,No
35,208,8,3,3,2,3,4148,1,15,5,3,14,11,9,No
37,671,19,3,3,2,3,5768,3,9,2,2,4,3,2,No
39,711,4,1,3,2,3,5042,0,10,2,1,9,2,8,No
45,1329,2,4,2,2,4,5770,2,10,3,3,10,7,9,No
38,397,2,4,2,3,3,7756,1,10,6,4,5,4,2,No
35,737,10,4,2,3,1,10306,0,15,3,3,13,12,0,Yes
37,1470,10,2,3,1,2,3936,1,8,2,1,8,4,7,No
40,448,16,3,3,3,4,7945,0,18,2,2,4,2,3,No
44,602,1,1,3,2,4,5743,0,14,3,3,10,7,2,No
48,365,4,3,2,4,4,15202,1,23,3,3,2,2,2,No
35,763,15,1,1,2,4,5440,2,7,2,2,2,2,2,Yes
24,567,2,1,3,1,4,3760,0,6,2,3,6,3,3,No
27,486,8,2,4,1,3,3517,0,5,0,3,3,2,2,No
27,591,2,4,3,1,4,2580,0,6,0,2,4,2,2,No
40,1329,7,1,3,1,1,2166,0,10,3,1,4,2,3,Yes
29,469,10,3,2,2,3,5869,0,8,2,3,5,2,4,No
36,711,5,2,3,3,1,8008,2,9,6,3,3,2,2,No
25,772,2,4,4,2,3,5206,2,7,6,3,7,7,7,No
39,492,12,4,3,2,2,5295,0,7,3,3,5,4,0,No
49,301,22,1,3,4,2,16413,2,27,2,3,4,2,2,No
50,813,17,4,2,3,1,13269,3,19,3,3,14,11,11,No
20,1141,2,3,3,1,3,2783,0,2,3,3,2,2,2,No
34,1130,3,4,3,2,2,5433,1,11,2,3,11,8,9,No
36,311,7,1,3,1,2,2013,0,15,4,3,4,3,3,No
49,465,6,3,2,4,3,13966,1,30,3,3,15,11,12,No
36,894,1,4,2,2,3,4374,0,4,6,3,3,2,2,No
36,1040,3,4,4,2,1,6842,1,13,3,3,5,4,4,No
54,584,22,2,3,4,3,17426,1,36,6,3,10,8,7,No
43,1291,15,3,2,4,3,17603,1,14,3,3,14,10,11,No
35,880,12,4,3,2,4,4581,0,13,2,4,11,9,7,Yes
38,1189,1,4,3,2,4,4735,2,19,4,4,13,11,9,No
29,991,5,1,2,2,2,4187,1,10,3,2,10,0,9,No
33,392,2,4,3,2,4,5505,2,6,5,3,6,2,4,No
32,977,2,4,3,2,2,5470,2,10,4,2,9,5,6,No
31,1112,5,1,3,2,4,5476,2,10,2,3,10,0,2,No
49,464,16,4,3,1,1,2587,1,17,2,2,2,2,2,No
38,148,2,4,2,1,2,2440,0,4,3,3,4,3,3,No
47,1225,2,2,4,4,2,15972,3,29,2,3,3,2,2,No
49,809,1,3,3,4,3,15379,0,23,2,3,8,7,0,No
41,1206,23,4,3,3,3,7082,0,21,2,3,2,0,2,No
20,727,9,4,3,1,1,2728,0,2,3,3,2,2,2,No
33,530,16,3,3,2,4,5368,1,7,2,3,6,5,2,No
36,1351,26,1,3,2,3,5347,2,10,2,2,3,2,2,No
44,528,1,3,3,1,4,3195,3,8,2,3,2,2,2,No
23,1320,8,4,2,1,3,3989,0,5,2,3,5,4,2,Yes
38,1495,4,4,3,1,3,3306,1,7,5,2,0,0,0,No
53,1395,24,2,4,3,4,7005,0,11,2,3,4,3,2,No
48,708,7,4,3,1,3,2655,2,19,3,3,9,7,7,Yes
32,1259,2,4,3,1,2,1393,0,1,2,3,1,0,0,Yes
26,786,7,4,3,1,4,2570,0,7,5,3,7,7,7,No
55,1441,22,1,2,1,2,3537,1,8,1,3,4,2,2,No
34,1157,5,2,2,2,4,3986,1,15,3,4,15,10,13,No
60,370,1,3,1,3,4,10883,1,19,2,4,1,0,0,No
33,267,21,2,4,1,2,2028,3,14,6,3,14,11,13,No
37,1278,1,3,1,2,4,9525,2,6,2,2,6,3,3,No
34,678,19,2,2,1,4,2929,0,10,3,3,10,9,7,No
23,427,7,3,3,1,4,2275,1,3,2,3,3,2,2,Yes
44,921,2,3,4,3,4,7879,1,9,2,3,8,7,7,No
35,146,2,1,2,1,4,4930,0,6,2,4,5,4,4,No
43,1179,2,4,3,2,4,7847,1,10,3,3,10,9,8,No
24,581,9,3,4,1,3,4401,1,5,1,3,5,3,4,No
41,918,6,4,3,3,3,9241,0,10,3,3,10,8,7,No
29,1082,9,4,3,1,3,2974,1,9,2,3,5,3,2,No
36,530,2,3,3,2,4,4502,0,17,2,2,13,7,7,No
45,1238,1,3,2,3,3,10748,1,25,3,2,23,15,4,No
24,240,22,4,1,1,3,1555,1,1,2,3,1,0,0,Yes
47,1093,9,3,1,4,3,12936,0,25,3,1,23,5,10,Yes
26,390,17,4,1,1,3,2305,3,3,3,4,3,2,2,No
45,1005,28,4,2,4,2,16704,0,21,2,3,21,6,6,No
32,585,10,1,3,1,3,3433,1,10,3,2,5,2,3,No
31,741,2,2,3,1,3,3477,1,6,2,4,5,2,3,No
41,552,4,3,1,2,2,6430,1,10,4,3,3,2,2,No
40,369,8,2,3,2,1,6516,1,18,3,3,1,0,0,No
24,506,29,2,3,1,1,3907,3,6,2,4,6,2,2,No
46,717,13,3,3,2,2,5562,0,19,3,3,10,7,9,No
35,1370,27,4,3,2,3,6883,1,17,3,3,7,7,7,No
30,793,16,2,3,1,4,2862,1,10,2,2,10,0,8,No
47,543,2,3,3,2,2,4978,1,4,3,1,1,0,0,No
46,1277,2,3,3,3,4,10368,1,13,5,2,10,6,3,No
36,1456,13,2,2,2,1,6134,3,16,3,3,2,2,2,Yes
32,964,1,1,1,2,2,6735,0,10,2,3,0,0,0,Yes
23,160,4,3,3,1,2,3295,0,3,3,1,3,2,2,No
31,163,24,4,3,2,4,5238,0,9,3,2,5,4,4,No
39,792,1,4,3,2,4,6472,1,9,2,3,9,8,8,No
32,371,19,4,1,3,3,9610,1,10,2,1,4,3,2,No
40,611,7,2,3,5,2,19833,0,21,3,2,21,8,8,No
45,176,4,3,1,3,3,9756,2,9,2,4,5,0,3,No
30,1312,2,4,2,1,1,4968,0,10,2,3,9,7,7,No
24,897,10,1,3,1,4,2145,1,3,2,3,2,2,1,No
30,600,8,3,2,1,4,2180,1,6,0,2,4,2,2,Yes
31,1003,5,1,3,2,3,8346,1,6,3,3,5,2,2,No
27,1054,8,3,3,1,4,3445,0,6,5,2,6,2,4,No
29,428,9,2,1,1,2,2760,0,2,3,3,2,2,2,Yes
29,461,1,4,4,2,3,6294,0,10,5,4,3,2,2,No
30,979,15,3,2,3,1,7140,1,12,2,3,7,7,7,No
34,181,2,4,4,1,4,2932,3,6,3,3,5,0,2,No
33,1283,2,4,3,2,2,5147,0,13,2,2,11,7,7,No
49,1313,11,4,3,2,4,4507,0,8,1,4,5,1,4,No
33,211,16,1,3,3,1,8564,0,11,2,2,0,0,0,Yes
38,594,2,3,2,1,2,2468,1,9,4,2,6,1,5,No
31,1079,16,1,3,3,3,8161,3,10,2,3,1,0,0,Yes
29,590,4,4,2,1,1,2109,1,1,2,3,1,0,0,No
30,305,16,3,4,2,3,5294,1,10,3,3,7,0,7,No
32,953,5,2,3,1,2,2718,0,12,3,3,7,7,7,No
38,833,18,2,1,2,4,5811,1,15,2,3,1,0,0,No
43,807,17,3,2,1,3,2437,1,6,4,3,1,0,0,Yes
42,855,12,2,3,1,2,2766,3,7,6,2,5,3,4,No
55,478,2,3,2,5,1,19038,3,34,2,3,1,0,0,No
33,775,4,4,3,2,2,3055,2,11,2,2,9,8,7,No
41,548,9,3,3,1,1,2289,2,5,2,3,5,3,4,No
34,1375,10,4,3,2,3,4001,1,15,3,3,15,14,7,No
53,661,1,1,2,4,3,12965,3,27,2,2,3,2,2,No
43,244,2,2,3,1,4,3539,0,10,5,3,9,7,8,No
34,511,3,4,1,2,4,6029,0,6,3,3,2,2,2,No
21,337,7,2,3,1,2,2679,0,1,3,3,1,0,0,Yes
38,1153,6,4,2,1,3,3702,1,5,3,3,5,4,4,No
22,1294,8,3,3,1,1,2398,0,1,6,3,1,0,0,Yes
31,196,29,1,2,2,4,5468,2,13,3,3,12,7,7,No
51,942,3,1,3,3,3,13116,0,15,2,3,2,2,2,No
37,589,9,2,2,2,2,4189,2,5,2,3,5,2,3,No
46,734,2,3,3,5,4,19328,1,24,3,3,2,1,2,No
36,1383,10,4,3,3,1,8321,1,15,1,3,12,8,7,No
44,429,1,3,3,1,2,2342,3,6,2,2,5,3,3,Yes
37,1239,8,3,3,2,2,4071,0,19,4,2,10,0,7,No
35,303,27,3,3,2,4,5813,0,10,2,3,10,7,7,Yes
33,867,8,4,4,1,1,3143,1,14,1,3,10,8,6,No
28,1181,1,3,3,1,4,2044,1,5,6,4,5,3,3,No
39,1253,10,3,3,3,3,13464,0,9,3,3,4,3,2,No
46,849,26,2,2,2,2,7991,0,6,3,3,2,2,2,No
40,616,2,3,3,1,1,3377,1,7,5,2,4,3,2,No
42,1128,13,2,4,2,1,5538,2,10,2,2,0,0,0,No
35,1180,2,2,3,2,4,5762,1,15,6,3,7,7,7,No
38,1336,2,1,3,1,2,2592,3,13,3,3,11,10,8,No
34,234,9,4,3,2,1,5346,1,11,3,2,7,1,7,Yes
37,370,10,4,3,2,1,4213,0,10,4,1,10,3,8,Yes
39,766,20,3,3,2,4,4127,1,7,6,3,2,1,2,No
43,343,9,1,3,1,3,2438,0,7,2,2,3,2,2,No
41,447,5,2,4,2,2,6870,0,11,3,1,3,2,2,No
41,796,4,3,3,3,3,10447,1,23,3,4,22,14,5,No
30,1092,10,1,3,3,3,9667,0,9,3,3,7,7,2,No
26,920,20,4,3,1,2,2148,0,6,3,3,5,1,4,Yes
46,261,21,4,3,2,2,8926,1,13,2,4,9,7,7,Yes
40,1194,1,3,3,2,4,6513,1,12,3,3,5,3,3,No
34,810,8,2,4,2,3,6799,2,10,5,3,10,8,8,No
58,350,2,2,3,4,2,16291,1,37,0,2,16,9,14,No
35,185,23,2,1,1,3,2705,1,6,2,4,5,4,3,No
47,1001,4,3,2,3,2,10333,1,28,4,3,22,11,10,No
40,750,12,2,3,2,1,4448,1,15,3,3,7,4,7,No
54,431,7,4,3,2,4,6854,1,14,2,2,7,1,7,No
31,1125,7,1,3,3,1,9637,2,9,3,3,3,2,2,No
28,1217,1,3,3,1,1,3591,1,3,3,3,3,2,2,No
38,723,2,2,1,2,4,5405,2,20,4,2,4,2,3,No
26,572,10,3,3,2,4,4684,0,5,4,3,5,3,2,No
58,1216,15,1,3,4,3,15787,0,23,3,3,2,2,2,No
18,1431,14,2,3,1,3,1514,0,0,4,1,0,0,0,No
31,359,18,4,4,1,1,2956,0,2,4,3,1,0,0,Yes
29,350,13,1,2,1,1,2335,3,4,3,3,2,2,0,Yes
45,589,2,3,3,2,3,5154,2,10,3,4,8,7,7,No
36,430,2,4,3,2,2,6962,1,15,2,3,1,0,0,No
43,1422,2,1,3,2,4,5675,1,7,5,3,7,7,7,No
27,1297,5,4,3,1,4,2379,0,6,3,2,5,4,2,No
29,574,20,4,3,1,4,3812,0,11,3,4,11,8,10,No
32,1318,10,4,3,2,4,4648,0,4,2,4,0,0,0,No
42,355,10,3,3,1,3,2936,2,10,1,2,6,3,3,No
47,207,9,2,3,1,3,2105,0,7,2,3,2,2,0,No
46,706,2,4,3,3,4,8578,1,12,4,2,9,8,7,No
28,280,1,3,3,1,4,2706,1,3,2,3,3,2,2,No
29,726,29,4,1,2,3,6384,2,11,3,3,7,0,6,No
42,1142,8,4,3,1,3,3968,0,8,3,3,0,0,0,No
32,414,2,3,2,2,2,9907,0,7,3,2,2,2,2,Yes
46,1319,3,1,4,4,1,13225,1,25,5,3,19,17,8,No
27,728,23,2,2,2,3,3540,1,9,5,3,9,8,8,No
29,352,6,4,2,1,2,2804,0,1,3,3,1,0,0,No
43,823,6,1,2,5,3,19392,0,21,2,3,16,12,14,No
48,1224,10,4,2,5,2,19665,0,29,3,3,22,10,9,No
29,459,24,4,2,1,4,2439,0,1,3,2,1,0,0,Yes
46,1254,10,3,3,3,2,7314,3,14,2,3,8,7,7,Yes
27,1131,15,4,2,1,1,4774,1,8,2,2,7,6,3,No
39,835,19,4,3,2,4,3902,3,7,2,3,2,2,2,No
55,836,2,2,2,1,4,2662,1,19,2,4,5,2,4,No
28,1172,3,2,3,1,2,2856,1,1,3,3,1,0,0,No
30,945,9,2,3,1,4,1081,0,1,3,2,1,0,0,Yes
22,391,7,4,3,1,2,2472,0,1,2,3,1,0,0,Yes
36,1266,10,2,2,2,3,5673,1,10,4,3,10,9,7,No
31,311,20,2,3,2,3,4197,1,10,2,3,10,8,2,No
34,1480,4,3,3,3,4,9713,3,9,3,3,5,3,0,No
29,592,7,4,3,1,1,2062,0,11,2,3,3,2,2,No
37,783,7,4,3,2,1,4284,1,16,2,3,5,3,4,No
35,219,16,4,2,2,2,4788,0,4,2,3,3,2,2,No
45,556,25,2,2,2,4,5906,2,10,2,2,9,8,8,No
36,1213,2,2,2,2,4,3886,0,10,2,2,10,1,8,No
40,1137,1,1,3,4,1,16823,1,22,3,3,19,7,16,No
26,482,1,2,2,1,3,2933,1,1,3,2,1,0,0,No
27,511,2,1,4,2,3,6500,0,9,5,2,8,7,7,No
48,117,22,4,3,4,4,17174,1,24,3,3,22,17,7,No
44,170,1,2,4,2,1,5033,1,10,5,3,2,0,2,No
34,967,16,4,1,1,1,2307,1,5,2,3,5,2,0,Yes
56,1162,24,1,3,1,4,2587,0,5,3,3,4,2,0,Yes
36,335,17,3,2,2,2,5507,2,12,1,1,4,2,3,No
41,337,8,3,3,2,2,4393,1,14,3,3,5,4,4,No
42,1396,6,3,3,3,1,13348,1,18,3,4,13,7,7,No
31,1079,10,3,3,2,4,6583,1,8,2,3,5,2,4,No
34,735,3,4,2,2,4,8103,0,9,3,2,4,2,1,No
31,471,4,1,4,1,3,3978,1,4,0,2,2,2,2,No
26,1096,6,3,4,1,4,2544,1,8,3,3,7,7,7,No
45,1297,1,2,3,2,3,5399,0,12,3,3,4,2,3,No
33,217,10,2,3,2,3,5487,0,10,2,2,10,4,9,No
28,783,1,3,2,2,4,6834,1,7,2,3,7,7,7,No
29,746,24,3,4,1,1,1091,0,1,3,3,1,0,0,Yes
39,1251,21,1,1,2,3,5736,1,10,1,3,3,2,2,No
27,1354,2,2,3,1,2,2226,1,6,3,2,5,3,2,No
34,735,22,3,2,2,4,5747,0,16,3,3,15,10,11,No
28,1475,13,4,3,2,3,9854,0,6,0,3,2,0,2,Yes
47,1169,14,3,3,2,2,5467,1,16,4,4,8,7,7,No
56,1443,11,4,2,2,1,5380,1,6,3,3,0,0,0,No
39,867,9,1,3,2,1,5151,1,10,3,3,10,0,9,No
38,1394,8,4,2,2,2,2133,1,20,3,3,20,11,7,No
58,605,21,4,3,4,4,17875,1,29,2,2,1,0,0,No
32,238,5,1,4,1,3,2432,0,8,2,3,4,1,3,Yes
38,1206,9,2,3,1,4,4771,2,10,0,4,5,2,3,No
49,1064,2,2,3,5,4,19161,0,28,3,3,5,4,3,No
42,419,12,2,3,2,4,5087,2,14,4,3,0,0,0,No
27,1337,22,1,2,1,2,2863,0,1,2,3,1,0,0,Yes
35,682,18,2,3,2,1,5561,1,6,2,1,5,3,4,No
28,1103,16,3,3,1,3,2144,0,5,3,2,5,3,4,No
31,976,3,3,3,1,1,3065,1,4,3,4,4,2,3,No
36,1351,9,1,4,1,2,2810,0,5,3,3,5,4,2,No
34,937,1,1,3,3,4,9888,0,14,3,2,14,8,1,No
34,1239,13,4,3,3,3,8628,1,9,2,2,8,7,1,No
26,157,1,3,3,1,1,2867,0,8,6,2,7,7,6,No
29,136,1,1,3,2,1,5373,1,6,5,2,5,3,2,No
32,1146,15,3,3,2,4,6667,1,9,6,3,5,1,2,No
31,1125,1,4,1,2,1,5003,0,10,6,3,10,8,7,No
28,1404,17,3,2,1,4,2367,1,6,2,2,4,1,3,Yes
38,1404,1,1,2,1,1,2858,0,20,3,2,1,0,0,No
35,1224,7,3,3,2,4,5204,0,10,2,3,10,8,9,No
27,954,9,4,3,2,4,4105,0,7,5,3,7,7,7,No
32,1373,5,4,2,2,4,9679,0,8,1,3,1,0,0,No
31,754,26,1,3,2,4,5617,0,10,4,3,10,7,8,Yes
53,1168,24,1,3,3,1,10448,0,15,2,2,2,2,2,Yes
54,155,9,1,3,2,3,2897,2,9,6,2,4,3,3,No
33,1303,7,4,3,2,3,5968,3,9,2,3,9,7,8,No
43,574,11,1,3,3,3,7510,1,10,1,3,10,9,9,No
38,1444,1,4,3,1,2,2991,1,7,2,3,6,2,2,No
55,189,26,3,4,5,2,19636,1,35,0,3,10,9,4,No
31,1276,2,4,1,1,4,1129,3,1,4,3,1,0,0,No
39,119,15,2,3,4,1,13341,0,21,3,3,20,8,10,No
42,335,23,4,2,2,3,4332,0,20,2,3,20,9,7,No
31,697,10,3,3,3,3,11031,1,13,2,4,11,7,8,No
54,157,10,3,3,2,1,4440,0,9,3,3,5,2,4,No
24,771,1,2,2,2,3,4617,0,4,2,2,4,3,2,No
23,571,12,4,3,1,4,2647,0,5,6,4,5,2,4,No
40,692,11,4,3,2,3,6323,1,10,2,4,10,9,4,No
40,444,2,2,3,2,2,5677,1,15,4,3,11,8,10,No
25,309,2,3,3,1,2,2187,0,6,3,3,2,0,2,No
30,911,1,4,3,1,2,3748,0,12,6,2,12,8,7,No
25,977,2,4,3,1,3,3977,1,7,2,2,2,2,2,No
47,1180,25,1,3,3,3,8633,0,25,3,3,17,14,11,No
33,1313,1,2,2,1,3,2008,3,1,2,2,1,1,0,No
38,1321,1,4,3,2,2,4440,2,16,3,3,15,13,8,No
31,1154,2,1,3,1,3,3067,1,3,1,3,2,2,2,No
38,508,6,1,2,2,3,5321,1,10,1,3,8,3,7,No
42,557,18,4,3,2,1,5410,1,9,3,2,4,3,2,No
41,642,1,4,3,1,4,2782,1,12,3,3,5,3,0,No
47,1162,1,3,3,3,2,11957,2,14,3,1,13,8,12,No
35,1490,11,4,3,1,3,2660,1,5,3,3,2,2,2,No
22,581,1,4,3,1,3,3375,0,4,2,4,3,2,2,No
35,1395,9,2,3,2,3,5098,0,10,5,3,10,7,8,No
33,501,15,2,3,2,4,4878,1,10,6,3,9,7,1,No
32,267,29,3,2,1,2,2837,0,6,3,3,6,2,1,No
40,543,1,1,3,1,4,2406,2,8,3,2,1,0,0,No
32,234,1,2,2,1,2,2269,1,3,2,3,2,2,2,No
39,116,24,1,3,2,4,4108,0,18,2,3,7,7,7,No
38,201,10,2,1,3,3,13206,1,20,3,3,18,16,11,No
32,801,1,3,3,3,4,10422,2,14,3,3,14,10,7,No
37,161,10,3,4,3,4,13744,1,16,2,3,16,11,8,No
25,1382,8,1,3,2,3,4907,1,6,3,2,5,3,4,No
52,585,29,1,3,1,4,3482,2,16,3,2,9,8,0,No
44,1037,1,2,3,1,4,2436,0,6,2,3,4,3,2,No
21,501,5,3,3,1,1,2380,0,2,6,3,2,2,2,No
39,105,9,4,3,5,4,19431,0,21,3,2,6,0,3,No
23,638,9,4,3,1,1,1790,1,1,3,2,1,0,0,Yes
36,557,3,1,2,3,4,7644,2,10,2,3,9,7,4,No
36,688,4,4,3,2,2,5131,3,18,3,3,4,2,2,No
56,667,1,3,3,2,3,6306,1,13,2,2,13,12,9,No
29,1092,1,1,3,1,4,4787,3,4,3,4,2,2,2,Yes
42,300,2,1,3,5,3,18880,0,24,2,2,22,6,14,No
56,310,7,4,3,1,3,2339,1,14,4,1,10,9,8,Yes
41,582,28,1,2,4,2,13570,1,21,3,3,20,7,10,No
34,704,28,4,2,2,3,6712,2,8,2,3,8,7,7,No
36,301,15,4,1,2,4,5406,1,15,4,2,15,12,11,No
41,930,3,3,2,2,2,8938,1,14,5,3,5,4,4,No
32,529,2,4,3,1,1,2439,0,4,4,3,4,2,2,No
35,1146,26,3,3,3,4,8837,0,9,2,3,9,0,7,No
38,345,10,1,3,2,4,5343,1,10,1,3,10,7,9,No
50,878,1,2,3,2,3,6728,2,12,3,3,6,3,1,Yes
36,1120,11,2,2,2,4,6652,1,8,2,2,6,3,0,No
45,374,20,4,3,2,3,4850,0,8,3,3,5,3,1,No
40,1322,2,3,2,1,3,2809,0,8,2,3,2,2,2,No
35,1199,18,3,3,2,3,5689,2,10,2,4,10,2,2,No
40,1194,2,3,3,1,3,2001,3,20,2,3,5,3,2,No
35,287,1,3,1,1,4,2977,1,4,5,3,4,3,1,No
29,1378,13,4,2,2,2,4025,1,10,2,3,4,3,3,No
29,468,28,4,2,1,1,3785,0,5,3,1,5,4,4,No
50,410,28,4,2,3,1,10854,1,20,3,3,3,2,0,Yes
39,722,24,2,2,4,4,12031,1,21,2,2,20,9,6,No
31,325,5,2,3,2,1,9936,0,10,2,3,9,4,7,No
26,1167,5,4,2,1,3,2966,0,5,2,3,4,2,0,No
36,884,23,3,4,2,4,2571,1,17,3,3,5,2,3,No
39,613,6,4,2,3,1,9991,1,9,5,3,7,7,7,No
27,155,4,2,4,2,2,6142,1,6,0,3,6,2,3,No
49,1023,2,4,2,2,2,5390,0,17,3,2,9,6,8,No
34,628,8,2,4,2,3,4404,0,6,3,4,4,3,2,No
